F.FFFFFFFFFFFFFF                                                         [100%]
=================================== FAILURES ===================================
___ test_actual_two_nodes_two_cold_columns_instances_and_read_only_recovery ____

env = (<sim2act.db.Store object at 0x7f1c2d15a8a0>, Settings(database_url='sqlite:////tmp/sim2act-dag-reuse-20261010/probe/t...a7d030a87a4ccba3b13aa3d5651867', 'user_e09e45e0d97a4be3bb05307749474c22', 'proj_7424c529893342b78437719721956d3e', ...)

    def test_actual_two_nodes_two_cold_columns_instances_and_read_only_recovery(env):
>       aid, rid, original, source, rel = release(env)
                                          ^^^^^^^^^^^^

tests/test_csv_dag_instances.py:81: 
_ _ _ _ _ _ _ _ _ _ _ _ _ _ _ _ _ _ _ _ _ _ _ _ _ _ _ _ _ _ _ _ _ _ _ _ _ _ _ _ 
tests/test_csv_dag_instances.py:46: in release
    approval = env[2].post(f"/api/csv-dag/runs/{job['id']}/release-approvals",
.venv/lib/python3.12/site-packages/httpx/_client.py:1144: in post
    return self.request(
.venv/lib/python3.12/site-packages/starlette/testclient.py:463: in request
    return super().request(
.venv/lib/python3.12/site-packages/httpx/_client.py:825: in request
    return self.send(request, auth=auth, follow_redirects=follow_redirects)
           ^^^^^^^^^^^^^^^^^^^^^^^^^^^^^^^^^^^^^^^^^^^^^^^^^^^^^^^^^^^^^^^^
.venv/lib/python3.12/site-packages/httpx/_client.py:914: in send
    response = self._send_handling_auth(
.venv/lib/python3.12/site-packages/httpx/_client.py:942: in _send_handling_auth
    response = self._send_handling_redirects(
.venv/lib/python3.12/site-packages/httpx/_client.py:979: in _send_handling_redirects
    response = self._send_single_request(request)
               ^^^^^^^^^^^^^^^^^^^^^^^^^^^^^^^^^^
.venv/lib/python3.12/site-packages/httpx/_client.py:1014: in _send_single_request
    response = transport.handle_request(request)
               ^^^^^^^^^^^^^^^^^^^^^^^^^^^^^^^^^
.venv/lib/python3.12/site-packages/starlette/testclient.py:360: in handle_request
    raise exc
.venv/lib/python3.12/site-packages/starlette/testclient.py:357: in handle_request
    portal.call(self.app, scope, receive, send)
.venv/lib/python3.12/site-packages/anyio/from_thread.py:340: in call
    return cast(T_Retval, self.start_task_soon(func, *args).result())
                          ^^^^^^^^^^^^^^^^^^^^^^^^^^^^^^^^^^^^^^^^^^
/opt/codex/runtimes/codex-primary-runtime/dependencies/python/lib/python3.12/concurrent/futures/_base.py:456: in result
    return self.__get_result()
           ^^^^^^^^^^^^^^^^^^^
/opt/codex/runtimes/codex-primary-runtime/dependencies/python/lib/python3.12/concurrent/futures/_base.py:401: in __get_result
    raise self._exception
.venv/lib/python3.12/site-packages/anyio/from_thread.py:265: in _call_func
    retval = await retval_or_awaitable
             ^^^^^^^^^^^^^^^^^^^^^^^^^
.venv/lib/python3.12/site-packages/fastapi/applications.py:1160: in __call__
    await super().__call__(scope, receive, send)
.venv/lib/python3.12/site-packages/starlette/applications.py:96: in __call__
    await self.middleware_stack(scope, receive, send)
.venv/lib/python3.12/site-packages/starlette/middleware/errors.py:186: in __call__
    raise exc
.venv/lib/python3.12/site-packages/starlette/middleware/errors.py:164: in __call__
    await self.app(scope, receive, _send)
.venv/lib/python3.12/site-packages/starlette/middleware/base.py:197: in __call__
    response = await self.dispatch_func(request, call_next)
               ^^^^^^^^^^^^^^^^^^^^^^^^^^^^^^^^^^^^^^^^^^^^
src/sim2act/api.py:170: in security
    response = await call_next(request)
               ^^^^^^^^^^^^^^^^^^^^^^^^
.venv/lib/python3.12/site-packages/starlette/middleware/base.py:173: in call_next
    raise app_exc from app_exc.__cause__ or app_exc.__context__
.venv/lib/python3.12/site-packages/starlette/middleware/base.py:149: in coro
    await self.app(scope, receive_or_disconnect, send_no_error)
.venv/lib/python3.12/site-packages/starlette/middleware/exceptions.py:63: in __call__
    await wrap_app_handling_exceptions(self.app, conn)(scope, receive, send)
.venv/lib/python3.12/site-packages/starlette/_exception_handler.py:53: in wrapped_app
    raise exc
.venv/lib/python3.12/site-packages/starlette/_exception_handler.py:42: in wrapped_app
    await app(scope, receive, sender)
.venv/lib/python3.12/site-packages/fastapi/middleware/asyncexitstack.py:18: in __call__
    await self.app(scope, receive, send)
.venv/lib/python3.12/site-packages/starlette/routing.py:676: in __call__
    await self.middleware_stack(scope, receive, send)
.venv/lib/python3.12/site-packages/starlette/routing.py:697: in app
    await route.handle(scope, receive, send)
.venv/lib/python3.12/site-packages/starlette/routing.py:282: in handle
    await self.app(scope, receive, send)
.venv/lib/python3.12/site-packages/fastapi/routing.py:130: in app
    await wrap_app_handling_exceptions(app, request)(scope, receive, send)
.venv/lib/python3.12/site-packages/starlette/_exception_handler.py:53: in wrapped_app
    raise exc
.venv/lib/python3.12/site-packages/starlette/_exception_handler.py:42: in wrapped_app
    await app(scope, receive, sender)
.venv/lib/python3.12/site-packages/fastapi/routing.py:116: in app
    response = await f(request)
               ^^^^^^^^^^^^^^^^
.venv/lib/python3.12/site-packages/fastapi/routing.py:670: in app
    raw_response = await run_endpoint_function(
.venv/lib/python3.12/site-packages/fastapi/routing.py:326: in run_endpoint_function
    return await run_in_threadpool(dependant.call, **values)
           ^^^^^^^^^^^^^^^^^^^^^^^^^^^^^^^^^^^^^^^^^^^^^^^^^
.venv/lib/python3.12/site-packages/starlette/concurrency.py:34: in run_in_threadpool
    return await anyio.to_thread.run_sync(func)
           ^^^^^^^^^^^^^^^^^^^^^^^^^^^^^^^^^^^^
.venv/lib/python3.12/site-packages/anyio/to_thread.py:65: in run_sync
    return await get_async_backend().run_sync_in_worker_thread(
.venv/lib/python3.12/site-packages/anyio/_backends/_asyncio.py:2706: in run_sync_in_worker_thread
    return await future
           ^^^^^^^^^^^^
.venv/lib/python3.12/site-packages/anyio/_backends/_asyncio.py:1100: in run
    result = context.run(func, *args)
             ^^^^^^^^^^^^^^^^^^^^^^^^
src/sim2act/internal_api.py:80: in dag_release
    return csv_dag_instances.prepare_release(store, user, rid, body.expected_plan_fingerprint, limits)
           ^^^^^^^^^^^^^^^^^^^^^^^^^^^^^^^^^^^^^^^^^^^^^^^^^^^^^^^^^^^^^^^^^^^^^^^^^^^^^^^^^^^^^^^^^^^
src/sim2act/csv_dag_instances.py:94: in prepare_release
    snap = source_snapshot(store, c, user, rid, limits)
           ^^^^^^^^^^^^^^^^^^^^^^^^^^^^^^^^^^^^^^^^^^^^
_ _ _ _ _ _ _ _ _ _ _ _ _ _ _ _ _ _ _ _ _ _ _ _ _ _ _ _ _ _ _ _ _ _ _ _ _ _ _ _ 

store = <sim2act.db.Store object at 0x7f1c2d15a8a0>
c = <sqlalchemy.engine.base.Connection object at 0x7f1c2c38a4b0>
user = 'user_94a7d030a87a4ccba3b13aa3d5651867'
rid = 'run_9e126ec2abd5401bb4d32a270899947f'
limits = Limits(max_requests=4, max_tools=4, max_repairs=1, max_total_tokens=64000, max_output_tokens=1024, run_seconds=300)

    def source_snapshot(store, c, user, rid, limits):
        dag.owner_lock(store, c, user, rid)
        job = dag.row(c, user, rid)
        bound = dag.binding(store, c, job, limits)
        require("internal_instance" not in bound, "A source must be an original completed DAG Run")
        proof = dag.inspect_job_tx(store, c, user, rid, limits)
        plan = bound["plan"]
        sid = closed(plan)
        require(proof["status"] == "SUCCEEDED" and len(proof["steps"]) == 2
            and all(p["status"] == "VERIFIED" for p in proof["steps"])
            and job["context"]["tools"] == 2, "Two actual verified source operations required")
        draft, _, _, _ = load_draft(store, c, user, bound["app_id"], limits, lock=True)
        frozen = {k: copy.deepcopy(draft[k]) for k in ("id", "project_id", "runtime_id", "candidate", "fingerprint")}
        raw = dag.read_source(store, c, job)
        columns = [v["name"] for v in csv_column_options(raw["content"])["columns"] if v["numeric"]]
        cap = store.frozen_contract(c, job).limits
        declared = Limits(**plan["definition"]["manifest"]["runtime_limits"])
        effective = Limits(**{k: min(getattr(cap, k), getattr(declared, k)) for k in Limits.model_fields})
        schema = lifecycle.record_schema(frozen["candidate"])
        validate_value(schema, {"result": proof["result"]["output_by_step"][sid]})
        execution = dict(version=VERSION, run_id=rid, run_version=job["version"], fence=job["fence"],
            accepted_fingerprint=job["fingerprint"], plan_key=bound["plan_key"],
            plan_fingerprint=plan["plan_fingerprint"], source_hash=plan["source_hash"],
>           graph_fingerprint=plan["graph_fingerprint"], authority_fingerprint=plan["authority_fingerprint"],
                                                                               ^^^^^^^^^^^^^^^^^^^^^^^^^^^^^
            receipt_fingerprints=[fingerprint(p) for p in proof["steps"]], aggregate_step=sid,
            columns=columns, limits=effective.model_dump())
E       KeyError: 'authority_fingerprint'

src/sim2act/csv_dag_instances.py:71: KeyError
_______ test_invalid_new_input_and_request_replay_write_nothing[missing] _______

env = (<sim2act.db.Store object at 0x7f1c2ce26cc0>, Settings(database_url='sqlite:////tmp/sim2act-dag-reuse-20261010/probe/t...8384ca94254c8fad42b2d5b40b6e79', 'user_a56992e4ff13416ea3469ef6fd5b09ac', 'proj_658cccb356d54758b5cefd4944228be0', ...)
attack = 'missing'

    @pytest.mark.parametrize('attack', ['missing','text','override','same-key','release','revision','replay'])
    def test_invalid_new_input_and_request_replay_write_nothing(env, attack):
>       _, _, _, _, rel = release(env)
                          ^^^^^^^^^^^^

tests/test_csv_dag_instances.py:133: 
_ _ _ _ _ _ _ _ _ _ _ _ _ _ _ _ _ _ _ _ _ _ _ _ _ _ _ _ _ _ _ _ _ _ _ _ _ _ _ _ 
tests/test_csv_dag_instances.py:46: in release
    approval = env[2].post(f"/api/csv-dag/runs/{job['id']}/release-approvals",
.venv/lib/python3.12/site-packages/httpx/_client.py:1144: in post
    return self.request(
.venv/lib/python3.12/site-packages/starlette/testclient.py:463: in request
    return super().request(
.venv/lib/python3.12/site-packages/httpx/_client.py:825: in request
    return self.send(request, auth=auth, follow_redirects=follow_redirects)
           ^^^^^^^^^^^^^^^^^^^^^^^^^^^^^^^^^^^^^^^^^^^^^^^^^^^^^^^^^^^^^^^^
.venv/lib/python3.12/site-packages/httpx/_client.py:914: in send
    response = self._send_handling_auth(
.venv/lib/python3.12/site-packages/httpx/_client.py:942: in _send_handling_auth
    response = self._send_handling_redirects(
.venv/lib/python3.12/site-packages/httpx/_client.py:979: in _send_handling_redirects
    response = self._send_single_request(request)
               ^^^^^^^^^^^^^^^^^^^^^^^^^^^^^^^^^^
.venv/lib/python3.12/site-packages/httpx/_client.py:1014: in _send_single_request
    response = transport.handle_request(request)
               ^^^^^^^^^^^^^^^^^^^^^^^^^^^^^^^^^
.venv/lib/python3.12/site-packages/starlette/testclient.py:360: in handle_request
    raise exc
.venv/lib/python3.12/site-packages/starlette/testclient.py:357: in handle_request
    portal.call(self.app, scope, receive, send)
.venv/lib/python3.12/site-packages/anyio/from_thread.py:340: in call
    return cast(T_Retval, self.start_task_soon(func, *args).result())
                          ^^^^^^^^^^^^^^^^^^^^^^^^^^^^^^^^^^^^^^^^^^
/opt/codex/runtimes/codex-primary-runtime/dependencies/python/lib/python3.12/concurrent/futures/_base.py:456: in result
    return self.__get_result()
           ^^^^^^^^^^^^^^^^^^^
/opt/codex/runtimes/codex-primary-runtime/dependencies/python/lib/python3.12/concurrent/futures/_base.py:401: in __get_result
    raise self._exception
.venv/lib/python3.12/site-packages/anyio/from_thread.py:265: in _call_func
    retval = await retval_or_awaitable
             ^^^^^^^^^^^^^^^^^^^^^^^^^
.venv/lib/python3.12/site-packages/fastapi/applications.py:1160: in __call__
    await super().__call__(scope, receive, send)
.venv/lib/python3.12/site-packages/starlette/applications.py:96: in __call__
    await self.middleware_stack(scope, receive, send)
.venv/lib/python3.12/site-packages/starlette/middleware/errors.py:186: in __call__
    raise exc
.venv/lib/python3.12/site-packages/starlette/middleware/errors.py:164: in __call__
    await self.app(scope, receive, _send)
.venv/lib/python3.12/site-packages/starlette/middleware/base.py:197: in __call__
    response = await self.dispatch_func(request, call_next)
               ^^^^^^^^^^^^^^^^^^^^^^^^^^^^^^^^^^^^^^^^^^^^
src/sim2act/api.py:170: in security
    response = await call_next(request)
               ^^^^^^^^^^^^^^^^^^^^^^^^
.venv/lib/python3.12/site-packages/starlette/middleware/base.py:173: in call_next
    raise app_exc from app_exc.__cause__ or app_exc.__context__
.venv/lib/python3.12/site-packages/starlette/middleware/base.py:149: in coro
    await self.app(scope, receive_or_disconnect, send_no_error)
.venv/lib/python3.12/site-packages/starlette/middleware/exceptions.py:63: in __call__
    await wrap_app_handling_exceptions(self.app, conn)(scope, receive, send)
.venv/lib/python3.12/site-packages/starlette/_exception_handler.py:53: in wrapped_app
    raise exc
.venv/lib/python3.12/site-packages/starlette/_exception_handler.py:42: in wrapped_app
    await app(scope, receive, sender)
.venv/lib/python3.12/site-packages/fastapi/middleware/asyncexitstack.py:18: in __call__
    await self.app(scope, receive, send)
.venv/lib/python3.12/site-packages/starlette/routing.py:676: in __call__
    await self.middleware_stack(scope, receive, send)
.venv/lib/python3.12/site-packages/starlette/routing.py:697: in app
    await route.handle(scope, receive, send)
.venv/lib/python3.12/site-packages/starlette/routing.py:282: in handle
    await self.app(scope, receive, send)
.venv/lib/python3.12/site-packages/fastapi/routing.py:130: in app
    await wrap_app_handling_exceptions(app, request)(scope, receive, send)
.venv/lib/python3.12/site-packages/starlette/_exception_handler.py:53: in wrapped_app
    raise exc
.venv/lib/python3.12/site-packages/starlette/_exception_handler.py:42: in wrapped_app
    await app(scope, receive, sender)
.venv/lib/python3.12/site-packages/fastapi/routing.py:116: in app
    response = await f(request)
               ^^^^^^^^^^^^^^^^
.venv/lib/python3.12/site-packages/fastapi/routing.py:670: in app
    raw_response = await run_endpoint_function(
.venv/lib/python3.12/site-packages/fastapi/routing.py:326: in run_endpoint_function
    return await run_in_threadpool(dependant.call, **values)
           ^^^^^^^^^^^^^^^^^^^^^^^^^^^^^^^^^^^^^^^^^^^^^^^^^
.venv/lib/python3.12/site-packages/starlette/concurrency.py:34: in run_in_threadpool
    return await anyio.to_thread.run_sync(func)
           ^^^^^^^^^^^^^^^^^^^^^^^^^^^^^^^^^^^^
.venv/lib/python3.12/site-packages/anyio/to_thread.py:65: in run_sync
    return await get_async_backend().run_sync_in_worker_thread(
.venv/lib/python3.12/site-packages/anyio/_backends/_asyncio.py:2706: in run_sync_in_worker_thread
    return await future
           ^^^^^^^^^^^^
.venv/lib/python3.12/site-packages/anyio/_backends/_asyncio.py:1100: in run
    result = context.run(func, *args)
             ^^^^^^^^^^^^^^^^^^^^^^^^
src/sim2act/internal_api.py:80: in dag_release
    return csv_dag_instances.prepare_release(store, user, rid, body.expected_plan_fingerprint, limits)
           ^^^^^^^^^^^^^^^^^^^^^^^^^^^^^^^^^^^^^^^^^^^^^^^^^^^^^^^^^^^^^^^^^^^^^^^^^^^^^^^^^^^^^^^^^^^
src/sim2act/csv_dag_instances.py:94: in prepare_release
    snap = source_snapshot(store, c, user, rid, limits)
           ^^^^^^^^^^^^^^^^^^^^^^^^^^^^^^^^^^^^^^^^^^^^
_ _ _ _ _ _ _ _ _ _ _ _ _ _ _ _ _ _ _ _ _ _ _ _ _ _ _ _ _ _ _ _ _ _ _ _ _ _ _ _ 

store = <sim2act.db.Store object at 0x7f1c2ce26cc0>
c = <sqlalchemy.engine.base.Connection object at 0x7f1c2cc36a50>
user = 'user_768384ca94254c8fad42b2d5b40b6e79'
rid = 'run_e5ab9e7ff4054366bc6352334867e1f3'
limits = Limits(max_requests=4, max_tools=4, max_repairs=1, max_total_tokens=64000, max_output_tokens=1024, run_seconds=300)

    def source_snapshot(store, c, user, rid, limits):
        dag.owner_lock(store, c, user, rid)
        job = dag.row(c, user, rid)
        bound = dag.binding(store, c, job, limits)
        require("internal_instance" not in bound, "A source must be an original completed DAG Run")
        proof = dag.inspect_job_tx(store, c, user, rid, limits)
        plan = bound["plan"]
        sid = closed(plan)
        require(proof["status"] == "SUCCEEDED" and len(proof["steps"]) == 2
            and all(p["status"] == "VERIFIED" for p in proof["steps"])
            and job["context"]["tools"] == 2, "Two actual verified source operations required")
        draft, _, _, _ = load_draft(store, c, user, bound["app_id"], limits, lock=True)
        frozen = {k: copy.deepcopy(draft[k]) for k in ("id", "project_id", "runtime_id", "candidate", "fingerprint")}
        raw = dag.read_source(store, c, job)
        columns = [v["name"] for v in csv_column_options(raw["content"])["columns"] if v["numeric"]]
        cap = store.frozen_contract(c, job).limits
        declared = Limits(**plan["definition"]["manifest"]["runtime_limits"])
        effective = Limits(**{k: min(getattr(cap, k), getattr(declared, k)) for k in Limits.model_fields})
        schema = lifecycle.record_schema(frozen["candidate"])
        validate_value(schema, {"result": proof["result"]["output_by_step"][sid]})
        execution = dict(version=VERSION, run_id=rid, run_version=job["version"], fence=job["fence"],
            accepted_fingerprint=job["fingerprint"], plan_key=bound["plan_key"],
            plan_fingerprint=plan["plan_fingerprint"], source_hash=plan["source_hash"],
>           graph_fingerprint=plan["graph_fingerprint"], authority_fingerprint=plan["authority_fingerprint"],
                                                                               ^^^^^^^^^^^^^^^^^^^^^^^^^^^^^
            receipt_fingerprints=[fingerprint(p) for p in proof["steps"]], aggregate_step=sid,
            columns=columns, limits=effective.model_dump())
E       KeyError: 'authority_fingerprint'

src/sim2act/csv_dag_instances.py:71: KeyError
________ test_invalid_new_input_and_request_replay_write_nothing[text] _________

env = (<sim2act.db.Store object at 0x7f1c2cef4ad0>, Settings(database_url='sqlite:////tmp/sim2act-dag-reuse-20261010/probe/t...fbeac3e6364bd4971b784a22843faf', 'user_41af1e6d522c4eb1a1d26c3270001aa9', 'proj_f0ea9d0d022248b094592ad1cde80039', ...)
attack = 'text'

    @pytest.mark.parametrize('attack', ['missing','text','override','same-key','release','revision','replay'])
    def test_invalid_new_input_and_request_replay_write_nothing(env, attack):
>       _, _, _, _, rel = release(env)
                          ^^^^^^^^^^^^

tests/test_csv_dag_instances.py:133: 
_ _ _ _ _ _ _ _ _ _ _ _ _ _ _ _ _ _ _ _ _ _ _ _ _ _ _ _ _ _ _ _ _ _ _ _ _ _ _ _ 
tests/test_csv_dag_instances.py:46: in release
    approval = env[2].post(f"/api/csv-dag/runs/{job['id']}/release-approvals",
.venv/lib/python3.12/site-packages/httpx/_client.py:1144: in post
    return self.request(
.venv/lib/python3.12/site-packages/starlette/testclient.py:463: in request
    return super().request(
.venv/lib/python3.12/site-packages/httpx/_client.py:825: in request
    return self.send(request, auth=auth, follow_redirects=follow_redirects)
           ^^^^^^^^^^^^^^^^^^^^^^^^^^^^^^^^^^^^^^^^^^^^^^^^^^^^^^^^^^^^^^^^
.venv/lib/python3.12/site-packages/httpx/_client.py:914: in send
    response = self._send_handling_auth(
.venv/lib/python3.12/site-packages/httpx/_client.py:942: in _send_handling_auth
    response = self._send_handling_redirects(
.venv/lib/python3.12/site-packages/httpx/_client.py:979: in _send_handling_redirects
    response = self._send_single_request(request)
               ^^^^^^^^^^^^^^^^^^^^^^^^^^^^^^^^^^
.venv/lib/python3.12/site-packages/httpx/_client.py:1014: in _send_single_request
    response = transport.handle_request(request)
               ^^^^^^^^^^^^^^^^^^^^^^^^^^^^^^^^^
.venv/lib/python3.12/site-packages/starlette/testclient.py:360: in handle_request
    raise exc
.venv/lib/python3.12/site-packages/starlette/testclient.py:357: in handle_request
    portal.call(self.app, scope, receive, send)
.venv/lib/python3.12/site-packages/anyio/from_thread.py:340: in call
    return cast(T_Retval, self.start_task_soon(func, *args).result())
                          ^^^^^^^^^^^^^^^^^^^^^^^^^^^^^^^^^^^^^^^^^^
/opt/codex/runtimes/codex-primary-runtime/dependencies/python/lib/python3.12/concurrent/futures/_base.py:456: in result
    return self.__get_result()
           ^^^^^^^^^^^^^^^^^^^
/opt/codex/runtimes/codex-primary-runtime/dependencies/python/lib/python3.12/concurrent/futures/_base.py:401: in __get_result
    raise self._exception
.venv/lib/python3.12/site-packages/anyio/from_thread.py:265: in _call_func
    retval = await retval_or_awaitable
             ^^^^^^^^^^^^^^^^^^^^^^^^^
.venv/lib/python3.12/site-packages/fastapi/applications.py:1160: in __call__
    await super().__call__(scope, receive, send)
.venv/lib/python3.12/site-packages/starlette/applications.py:96: in __call__
    await self.middleware_stack(scope, receive, send)
.venv/lib/python3.12/site-packages/starlette/middleware/errors.py:186: in __call__
    raise exc
.venv/lib/python3.12/site-packages/starlette/middleware/errors.py:164: in __call__
    await self.app(scope, receive, _send)
.venv/lib/python3.12/site-packages/starlette/middleware/base.py:197: in __call__
    response = await self.dispatch_func(request, call_next)
               ^^^^^^^^^^^^^^^^^^^^^^^^^^^^^^^^^^^^^^^^^^^^
src/sim2act/api.py:170: in security
    response = await call_next(request)
               ^^^^^^^^^^^^^^^^^^^^^^^^
.venv/lib/python3.12/site-packages/starlette/middleware/base.py:173: in call_next
    raise app_exc from app_exc.__cause__ or app_exc.__context__
.venv/lib/python3.12/site-packages/starlette/middleware/base.py:149: in coro
    await self.app(scope, receive_or_disconnect, send_no_error)
.venv/lib/python3.12/site-packages/starlette/middleware/exceptions.py:63: in __call__
    await wrap_app_handling_exceptions(self.app, conn)(scope, receive, send)
.venv/lib/python3.12/site-packages/starlette/_exception_handler.py:53: in wrapped_app
    raise exc
.venv/lib/python3.12/site-packages/starlette/_exception_handler.py:42: in wrapped_app
    await app(scope, receive, sender)
.venv/lib/python3.12/site-packages/fastapi/middleware/asyncexitstack.py:18: in __call__
    await self.app(scope, receive, send)
.venv/lib/python3.12/site-packages/starlette/routing.py:676: in __call__
    await self.middleware_stack(scope, receive, send)
.venv/lib/python3.12/site-packages/starlette/routing.py:697: in app
    await route.handle(scope, receive, send)
.venv/lib/python3.12/site-packages/starlette/routing.py:282: in handle
    await self.app(scope, receive, send)
.venv/lib/python3.12/site-packages/fastapi/routing.py:130: in app
    await wrap_app_handling_exceptions(app, request)(scope, receive, send)
.venv/lib/python3.12/site-packages/starlette/_exception_handler.py:53: in wrapped_app
    raise exc
.venv/lib/python3.12/site-packages/starlette/_exception_handler.py:42: in wrapped_app
    await app(scope, receive, sender)
.venv/lib/python3.12/site-packages/fastapi/routing.py:116: in app
    response = await f(request)
               ^^^^^^^^^^^^^^^^
.venv/lib/python3.12/site-packages/fastapi/routing.py:670: in app
    raw_response = await run_endpoint_function(
.venv/lib/python3.12/site-packages/fastapi/routing.py:326: in run_endpoint_function
    return await run_in_threadpool(dependant.call, **values)
           ^^^^^^^^^^^^^^^^^^^^^^^^^^^^^^^^^^^^^^^^^^^^^^^^^
.venv/lib/python3.12/site-packages/starlette/concurrency.py:34: in run_in_threadpool
    return await anyio.to_thread.run_sync(func)
           ^^^^^^^^^^^^^^^^^^^^^^^^^^^^^^^^^^^^
.venv/lib/python3.12/site-packages/anyio/to_thread.py:65: in run_sync
    return await get_async_backend().run_sync_in_worker_thread(
.venv/lib/python3.12/site-packages/anyio/_backends/_asyncio.py:2706: in run_sync_in_worker_thread
    return await future
           ^^^^^^^^^^^^
.venv/lib/python3.12/site-packages/anyio/_backends/_asyncio.py:1100: in run
    result = context.run(func, *args)
             ^^^^^^^^^^^^^^^^^^^^^^^^
src/sim2act/internal_api.py:80: in dag_release
    return csv_dag_instances.prepare_release(store, user, rid, body.expected_plan_fingerprint, limits)
           ^^^^^^^^^^^^^^^^^^^^^^^^^^^^^^^^^^^^^^^^^^^^^^^^^^^^^^^^^^^^^^^^^^^^^^^^^^^^^^^^^^^^^^^^^^^
src/sim2act/csv_dag_instances.py:94: in prepare_release
    snap = source_snapshot(store, c, user, rid, limits)
           ^^^^^^^^^^^^^^^^^^^^^^^^^^^^^^^^^^^^^^^^^^^^
_ _ _ _ _ _ _ _ _ _ _ _ _ _ _ _ _ _ _ _ _ _ _ _ _ _ _ _ _ _ _ _ _ _ _ _ _ _ _ _ 

store = <sim2act.db.Store object at 0x7f1c2cef4ad0>
c = <sqlalchemy.engine.base.Connection object at 0x7f1c2d112990>
user = 'user_71fbeac3e6364bd4971b784a22843faf'
rid = 'run_bddbf88e72604edcac7a97deb998352e'
limits = Limits(max_requests=4, max_tools=4, max_repairs=1, max_total_tokens=64000, max_output_tokens=1024, run_seconds=300)

    def source_snapshot(store, c, user, rid, limits):
        dag.owner_lock(store, c, user, rid)
        job = dag.row(c, user, rid)
        bound = dag.binding(store, c, job, limits)
        require("internal_instance" not in bound, "A source must be an original completed DAG Run")
        proof = dag.inspect_job_tx(store, c, user, rid, limits)
        plan = bound["plan"]
        sid = closed(plan)
        require(proof["status"] == "SUCCEEDED" and len(proof["steps"]) == 2
            and all(p["status"] == "VERIFIED" for p in proof["steps"])
            and job["context"]["tools"] == 2, "Two actual verified source operations required")
        draft, _, _, _ = load_draft(store, c, user, bound["app_id"], limits, lock=True)
        frozen = {k: copy.deepcopy(draft[k]) for k in ("id", "project_id", "runtime_id", "candidate", "fingerprint")}
        raw = dag.read_source(store, c, job)
        columns = [v["name"] for v in csv_column_options(raw["content"])["columns"] if v["numeric"]]
        cap = store.frozen_contract(c, job).limits
        declared = Limits(**plan["definition"]["manifest"]["runtime_limits"])
        effective = Limits(**{k: min(getattr(cap, k), getattr(declared, k)) for k in Limits.model_fields})
        schema = lifecycle.record_schema(frozen["candidate"])
        validate_value(schema, {"result": proof["result"]["output_by_step"][sid]})
        execution = dict(version=VERSION, run_id=rid, run_version=job["version"], fence=job["fence"],
            accepted_fingerprint=job["fingerprint"], plan_key=bound["plan_key"],
            plan_fingerprint=plan["plan_fingerprint"], source_hash=plan["source_hash"],
>           graph_fingerprint=plan["graph_fingerprint"], authority_fingerprint=plan["authority_fingerprint"],
                                                                               ^^^^^^^^^^^^^^^^^^^^^^^^^^^^^
            receipt_fingerprints=[fingerprint(p) for p in proof["steps"]], aggregate_step=sid,
            columns=columns, limits=effective.model_dump())
E       KeyError: 'authority_fingerprint'

src/sim2act/csv_dag_instances.py:71: KeyError
______ test_invalid_new_input_and_request_replay_write_nothing[override] _______

env = (<sim2act.db.Store object at 0x7f1c268ae8a0>, Settings(database_url='sqlite:////tmp/sim2act-dag-reuse-20261010/probe/t...54cd00c18942238a21c279e69f7867', 'user_1e141d33d4b1442997fee4fc300a94f1', 'proj_c1b0e05930eb489e960d7e87c50b1f2f', ...)
attack = 'override'

    @pytest.mark.parametrize('attack', ['missing','text','override','same-key','release','revision','replay'])
    def test_invalid_new_input_and_request_replay_write_nothing(env, attack):
>       _, _, _, _, rel = release(env)
                          ^^^^^^^^^^^^

tests/test_csv_dag_instances.py:133: 
_ _ _ _ _ _ _ _ _ _ _ _ _ _ _ _ _ _ _ _ _ _ _ _ _ _ _ _ _ _ _ _ _ _ _ _ _ _ _ _ 
tests/test_csv_dag_instances.py:46: in release
    approval = env[2].post(f"/api/csv-dag/runs/{job['id']}/release-approvals",
.venv/lib/python3.12/site-packages/httpx/_client.py:1144: in post
    return self.request(
.venv/lib/python3.12/site-packages/starlette/testclient.py:463: in request
    return super().request(
.venv/lib/python3.12/site-packages/httpx/_client.py:825: in request
    return self.send(request, auth=auth, follow_redirects=follow_redirects)
           ^^^^^^^^^^^^^^^^^^^^^^^^^^^^^^^^^^^^^^^^^^^^^^^^^^^^^^^^^^^^^^^^
.venv/lib/python3.12/site-packages/httpx/_client.py:914: in send
    response = self._send_handling_auth(
.venv/lib/python3.12/site-packages/httpx/_client.py:942: in _send_handling_auth
    response = self._send_handling_redirects(
.venv/lib/python3.12/site-packages/httpx/_client.py:979: in _send_handling_redirects
    response = self._send_single_request(request)
               ^^^^^^^^^^^^^^^^^^^^^^^^^^^^^^^^^^
.venv/lib/python3.12/site-packages/httpx/_client.py:1014: in _send_single_request
    response = transport.handle_request(request)
               ^^^^^^^^^^^^^^^^^^^^^^^^^^^^^^^^^
.venv/lib/python3.12/site-packages/starlette/testclient.py:360: in handle_request
    raise exc
.venv/lib/python3.12/site-packages/starlette/testclient.py:357: in handle_request
    portal.call(self.app, scope, receive, send)
.venv/lib/python3.12/site-packages/anyio/from_thread.py:340: in call
    return cast(T_Retval, self.start_task_soon(func, *args).result())
                          ^^^^^^^^^^^^^^^^^^^^^^^^^^^^^^^^^^^^^^^^^^
/opt/codex/runtimes/codex-primary-runtime/dependencies/python/lib/python3.12/concurrent/futures/_base.py:456: in result
    return self.__get_result()
           ^^^^^^^^^^^^^^^^^^^
/opt/codex/runtimes/codex-primary-runtime/dependencies/python/lib/python3.12/concurrent/futures/_base.py:401: in __get_result
    raise self._exception
.venv/lib/python3.12/site-packages/anyio/from_thread.py:265: in _call_func
    retval = await retval_or_awaitable
             ^^^^^^^^^^^^^^^^^^^^^^^^^
.venv/lib/python3.12/site-packages/fastapi/applications.py:1160: in __call__
    await super().__call__(scope, receive, send)
.venv/lib/python3.12/site-packages/starlette/applications.py:96: in __call__
    await self.middleware_stack(scope, receive, send)
.venv/lib/python3.12/site-packages/starlette/middleware/errors.py:186: in __call__
    raise exc
.venv/lib/python3.12/site-packages/starlette/middleware/errors.py:164: in __call__
    await self.app(scope, receive, _send)
.venv/lib/python3.12/site-packages/starlette/middleware/base.py:197: in __call__
    response = await self.dispatch_func(request, call_next)
               ^^^^^^^^^^^^^^^^^^^^^^^^^^^^^^^^^^^^^^^^^^^^
src/sim2act/api.py:170: in security
    response = await call_next(request)
               ^^^^^^^^^^^^^^^^^^^^^^^^
.venv/lib/python3.12/site-packages/starlette/middleware/base.py:173: in call_next
    raise app_exc from app_exc.__cause__ or app_exc.__context__
.venv/lib/python3.12/site-packages/starlette/middleware/base.py:149: in coro
    await self.app(scope, receive_or_disconnect, send_no_error)
.venv/lib/python3.12/site-packages/starlette/middleware/exceptions.py:63: in __call__
    await wrap_app_handling_exceptions(self.app, conn)(scope, receive, send)
.venv/lib/python3.12/site-packages/starlette/_exception_handler.py:53: in wrapped_app
    raise exc
.venv/lib/python3.12/site-packages/starlette/_exception_handler.py:42: in wrapped_app
    await app(scope, receive, sender)
.venv/lib/python3.12/site-packages/fastapi/middleware/asyncexitstack.py:18: in __call__
    await self.app(scope, receive, send)
.venv/lib/python3.12/site-packages/starlette/routing.py:676: in __call__
    await self.middleware_stack(scope, receive, send)
.venv/lib/python3.12/site-packages/starlette/routing.py:697: in app
    await route.handle(scope, receive, send)
.venv/lib/python3.12/site-packages/starlette/routing.py:282: in handle
    await self.app(scope, receive, send)
.venv/lib/python3.12/site-packages/fastapi/routing.py:130: in app
    await wrap_app_handling_exceptions(app, request)(scope, receive, send)
.venv/lib/python3.12/site-packages/starlette/_exception_handler.py:53: in wrapped_app
    raise exc
.venv/lib/python3.12/site-packages/starlette/_exception_handler.py:42: in wrapped_app
    await app(scope, receive, sender)
.venv/lib/python3.12/site-packages/fastapi/routing.py:116: in app
    response = await f(request)
               ^^^^^^^^^^^^^^^^
.venv/lib/python3.12/site-packages/fastapi/routing.py:670: in app
    raw_response = await run_endpoint_function(
.venv/lib/python3.12/site-packages/fastapi/routing.py:326: in run_endpoint_function
    return await run_in_threadpool(dependant.call, **values)
           ^^^^^^^^^^^^^^^^^^^^^^^^^^^^^^^^^^^^^^^^^^^^^^^^^
.venv/lib/python3.12/site-packages/starlette/concurrency.py:34: in run_in_threadpool
    return await anyio.to_thread.run_sync(func)
           ^^^^^^^^^^^^^^^^^^^^^^^^^^^^^^^^^^^^
.venv/lib/python3.12/site-packages/anyio/to_thread.py:65: in run_sync
    return await get_async_backend().run_sync_in_worker_thread(
.venv/lib/python3.12/site-packages/anyio/_backends/_asyncio.py:2706: in run_sync_in_worker_thread
    return await future
           ^^^^^^^^^^^^
.venv/lib/python3.12/site-packages/anyio/_backends/_asyncio.py:1100: in run
    result = context.run(func, *args)
             ^^^^^^^^^^^^^^^^^^^^^^^^
src/sim2act/internal_api.py:80: in dag_release
    return csv_dag_instances.prepare_release(store, user, rid, body.expected_plan_fingerprint, limits)
           ^^^^^^^^^^^^^^^^^^^^^^^^^^^^^^^^^^^^^^^^^^^^^^^^^^^^^^^^^^^^^^^^^^^^^^^^^^^^^^^^^^^^^^^^^^^
src/sim2act/csv_dag_instances.py:94: in prepare_release
    snap = source_snapshot(store, c, user, rid, limits)
           ^^^^^^^^^^^^^^^^^^^^^^^^^^^^^^^^^^^^^^^^^^^^
_ _ _ _ _ _ _ _ _ _ _ _ _ _ _ _ _ _ _ _ _ _ _ _ _ _ _ _ _ _ _ _ _ _ _ _ _ _ _ _ 

store = <sim2act.db.Store object at 0x7f1c268ae8a0>
c = <sqlalchemy.engine.base.Connection object at 0x7f1c26e48440>
user = 'user_1d54cd00c18942238a21c279e69f7867'
rid = 'run_2e2c6e165d614072b8ebd4e4969dea50'
limits = Limits(max_requests=4, max_tools=4, max_repairs=1, max_total_tokens=64000, max_output_tokens=1024, run_seconds=300)

    def source_snapshot(store, c, user, rid, limits):
        dag.owner_lock(store, c, user, rid)
        job = dag.row(c, user, rid)
        bound = dag.binding(store, c, job, limits)
        require("internal_instance" not in bound, "A source must be an original completed DAG Run")
        proof = dag.inspect_job_tx(store, c, user, rid, limits)
        plan = bound["plan"]
        sid = closed(plan)
        require(proof["status"] == "SUCCEEDED" and len(proof["steps"]) == 2
            and all(p["status"] == "VERIFIED" for p in proof["steps"])
            and job["context"]["tools"] == 2, "Two actual verified source operations required")
        draft, _, _, _ = load_draft(store, c, user, bound["app_id"], limits, lock=True)
        frozen = {k: copy.deepcopy(draft[k]) for k in ("id", "project_id", "runtime_id", "candidate", "fingerprint")}
        raw = dag.read_source(store, c, job)
        columns = [v["name"] for v in csv_column_options(raw["content"])["columns"] if v["numeric"]]
        cap = store.frozen_contract(c, job).limits
        declared = Limits(**plan["definition"]["manifest"]["runtime_limits"])
        effective = Limits(**{k: min(getattr(cap, k), getattr(declared, k)) for k in Limits.model_fields})
        schema = lifecycle.record_schema(frozen["candidate"])
        validate_value(schema, {"result": proof["result"]["output_by_step"][sid]})
        execution = dict(version=VERSION, run_id=rid, run_version=job["version"], fence=job["fence"],
            accepted_fingerprint=job["fingerprint"], plan_key=bound["plan_key"],
            plan_fingerprint=plan["plan_fingerprint"], source_hash=plan["source_hash"],
>           graph_fingerprint=plan["graph_fingerprint"], authority_fingerprint=plan["authority_fingerprint"],
                                                                               ^^^^^^^^^^^^^^^^^^^^^^^^^^^^^
            receipt_fingerprints=[fingerprint(p) for p in proof["steps"]], aggregate_step=sid,
            columns=columns, limits=effective.model_dump())
E       KeyError: 'authority_fingerprint'

src/sim2act/csv_dag_instances.py:71: KeyError
______ test_invalid_new_input_and_request_replay_write_nothing[same-key] _______

env = (<sim2act.db.Store object at 0x7f1c2d1a93a0>, Settings(database_url='sqlite:////tmp/sim2act-dag-reuse-20261010/probe/t...3a70b614b047bc9b5f11196cdc82d3', 'user_48371a464d414d038427a5e41cac3cf2', 'proj_c6fc180def344732aa6aaf0480f70e81', ...)
attack = 'same-key'

    @pytest.mark.parametrize('attack', ['missing','text','override','same-key','release','revision','replay'])
    def test_invalid_new_input_and_request_replay_write_nothing(env, attack):
>       _, _, _, _, rel = release(env)
                          ^^^^^^^^^^^^

tests/test_csv_dag_instances.py:133: 
_ _ _ _ _ _ _ _ _ _ _ _ _ _ _ _ _ _ _ _ _ _ _ _ _ _ _ _ _ _ _ _ _ _ _ _ _ _ _ _ 
tests/test_csv_dag_instances.py:46: in release
    approval = env[2].post(f"/api/csv-dag/runs/{job['id']}/release-approvals",
.venv/lib/python3.12/site-packages/httpx/_client.py:1144: in post
    return self.request(
.venv/lib/python3.12/site-packages/starlette/testclient.py:463: in request
    return super().request(
.venv/lib/python3.12/site-packages/httpx/_client.py:825: in request
    return self.send(request, auth=auth, follow_redirects=follow_redirects)
           ^^^^^^^^^^^^^^^^^^^^^^^^^^^^^^^^^^^^^^^^^^^^^^^^^^^^^^^^^^^^^^^^
.venv/lib/python3.12/site-packages/httpx/_client.py:914: in send
    response = self._send_handling_auth(
.venv/lib/python3.12/site-packages/httpx/_client.py:942: in _send_handling_auth
    response = self._send_handling_redirects(
.venv/lib/python3.12/site-packages/httpx/_client.py:979: in _send_handling_redirects
    response = self._send_single_request(request)
               ^^^^^^^^^^^^^^^^^^^^^^^^^^^^^^^^^^
.venv/lib/python3.12/site-packages/httpx/_client.py:1014: in _send_single_request
    response = transport.handle_request(request)
               ^^^^^^^^^^^^^^^^^^^^^^^^^^^^^^^^^
.venv/lib/python3.12/site-packages/starlette/testclient.py:360: in handle_request
    raise exc
.venv/lib/python3.12/site-packages/starlette/testclient.py:357: in handle_request
    portal.call(self.app, scope, receive, send)
.venv/lib/python3.12/site-packages/anyio/from_thread.py:340: in call
    return cast(T_Retval, self.start_task_soon(func, *args).result())
                          ^^^^^^^^^^^^^^^^^^^^^^^^^^^^^^^^^^^^^^^^^^
/opt/codex/runtimes/codex-primary-runtime/dependencies/python/lib/python3.12/concurrent/futures/_base.py:456: in result
    return self.__get_result()
           ^^^^^^^^^^^^^^^^^^^
/opt/codex/runtimes/codex-primary-runtime/dependencies/python/lib/python3.12/concurrent/futures/_base.py:401: in __get_result
    raise self._exception
.venv/lib/python3.12/site-packages/anyio/from_thread.py:265: in _call_func
    retval = await retval_or_awaitable
             ^^^^^^^^^^^^^^^^^^^^^^^^^
.venv/lib/python3.12/site-packages/fastapi/applications.py:1160: in __call__
    await super().__call__(scope, receive, send)
.venv/lib/python3.12/site-packages/starlette/applications.py:96: in __call__
    await self.middleware_stack(scope, receive, send)
.venv/lib/python3.12/site-packages/starlette/middleware/errors.py:186: in __call__
    raise exc
.venv/lib/python3.12/site-packages/starlette/middleware/errors.py:164: in __call__
    await self.app(scope, receive, _send)
.venv/lib/python3.12/site-packages/starlette/middleware/base.py:197: in __call__
    response = await self.dispatch_func(request, call_next)
               ^^^^^^^^^^^^^^^^^^^^^^^^^^^^^^^^^^^^^^^^^^^^
src/sim2act/api.py:170: in security
    response = await call_next(request)
               ^^^^^^^^^^^^^^^^^^^^^^^^
.venv/lib/python3.12/site-packages/starlette/middleware/base.py:173: in call_next
    raise app_exc from app_exc.__cause__ or app_exc.__context__
.venv/lib/python3.12/site-packages/starlette/middleware/base.py:149: in coro
    await self.app(scope, receive_or_disconnect, send_no_error)
.venv/lib/python3.12/site-packages/starlette/middleware/exceptions.py:63: in __call__
    await wrap_app_handling_exceptions(self.app, conn)(scope, receive, send)
.venv/lib/python3.12/site-packages/starlette/_exception_handler.py:53: in wrapped_app
    raise exc
.venv/lib/python3.12/site-packages/starlette/_exception_handler.py:42: in wrapped_app
    await app(scope, receive, sender)
.venv/lib/python3.12/site-packages/fastapi/middleware/asyncexitstack.py:18: in __call__
    await self.app(scope, receive, send)
.venv/lib/python3.12/site-packages/starlette/routing.py:676: in __call__
    await self.middleware_stack(scope, receive, send)
.venv/lib/python3.12/site-packages/starlette/routing.py:697: in app
    await route.handle(scope, receive, send)
.venv/lib/python3.12/site-packages/starlette/routing.py:282: in handle
    await self.app(scope, receive, send)
.venv/lib/python3.12/site-packages/fastapi/routing.py:130: in app
    await wrap_app_handling_exceptions(app, request)(scope, receive, send)
.venv/lib/python3.12/site-packages/starlette/_exception_handler.py:53: in wrapped_app
    raise exc
.venv/lib/python3.12/site-packages/starlette/_exception_handler.py:42: in wrapped_app
    await app(scope, receive, sender)
.venv/lib/python3.12/site-packages/fastapi/routing.py:116: in app
    response = await f(request)
               ^^^^^^^^^^^^^^^^
.venv/lib/python3.12/site-packages/fastapi/routing.py:670: in app
    raw_response = await run_endpoint_function(
.venv/lib/python3.12/site-packages/fastapi/routing.py:326: in run_endpoint_function
    return await run_in_threadpool(dependant.call, **values)
           ^^^^^^^^^^^^^^^^^^^^^^^^^^^^^^^^^^^^^^^^^^^^^^^^^
.venv/lib/python3.12/site-packages/starlette/concurrency.py:34: in run_in_threadpool
    return await anyio.to_thread.run_sync(func)
           ^^^^^^^^^^^^^^^^^^^^^^^^^^^^^^^^^^^^
.venv/lib/python3.12/site-packages/anyio/to_thread.py:65: in run_sync
    return await get_async_backend().run_sync_in_worker_thread(
.venv/lib/python3.12/site-packages/anyio/_backends/_asyncio.py:2706: in run_sync_in_worker_thread
    return await future
           ^^^^^^^^^^^^
.venv/lib/python3.12/site-packages/anyio/_backends/_asyncio.py:1100: in run
    result = context.run(func, *args)
             ^^^^^^^^^^^^^^^^^^^^^^^^
src/sim2act/internal_api.py:80: in dag_release
    return csv_dag_instances.prepare_release(store, user, rid, body.expected_plan_fingerprint, limits)
           ^^^^^^^^^^^^^^^^^^^^^^^^^^^^^^^^^^^^^^^^^^^^^^^^^^^^^^^^^^^^^^^^^^^^^^^^^^^^^^^^^^^^^^^^^^^
src/sim2act/csv_dag_instances.py:94: in prepare_release
    snap = source_snapshot(store, c, user, rid, limits)
           ^^^^^^^^^^^^^^^^^^^^^^^^^^^^^^^^^^^^^^^^^^^^
_ _ _ _ _ _ _ _ _ _ _ _ _ _ _ _ _ _ _ _ _ _ _ _ _ _ _ _ _ _ _ _ _ _ _ _ _ _ _ _ 

store = <sim2act.db.Store object at 0x7f1c2d1a93a0>
c = <sqlalchemy.engine.base.Connection object at 0x7f1c26a1c800>
user = 'user_8e3a70b614b047bc9b5f11196cdc82d3'
rid = 'run_847bd7ccd6f24b5b8e47f5500515387a'
limits = Limits(max_requests=4, max_tools=4, max_repairs=1, max_total_tokens=64000, max_output_tokens=1024, run_seconds=300)

    def source_snapshot(store, c, user, rid, limits):
        dag.owner_lock(store, c, user, rid)
        job = dag.row(c, user, rid)
        bound = dag.binding(store, c, job, limits)
        require("internal_instance" not in bound, "A source must be an original completed DAG Run")
        proof = dag.inspect_job_tx(store, c, user, rid, limits)
        plan = bound["plan"]
        sid = closed(plan)
        require(proof["status"] == "SUCCEEDED" and len(proof["steps"]) == 2
            and all(p["status"] == "VERIFIED" for p in proof["steps"])
            and job["context"]["tools"] == 2, "Two actual verified source operations required")
        draft, _, _, _ = load_draft(store, c, user, bound["app_id"], limits, lock=True)
        frozen = {k: copy.deepcopy(draft[k]) for k in ("id", "project_id", "runtime_id", "candidate", "fingerprint")}
        raw = dag.read_source(store, c, job)
        columns = [v["name"] for v in csv_column_options(raw["content"])["columns"] if v["numeric"]]
        cap = store.frozen_contract(c, job).limits
        declared = Limits(**plan["definition"]["manifest"]["runtime_limits"])
        effective = Limits(**{k: min(getattr(cap, k), getattr(declared, k)) for k in Limits.model_fields})
        schema = lifecycle.record_schema(frozen["candidate"])
        validate_value(schema, {"result": proof["result"]["output_by_step"][sid]})
        execution = dict(version=VERSION, run_id=rid, run_version=job["version"], fence=job["fence"],
            accepted_fingerprint=job["fingerprint"], plan_key=bound["plan_key"],
            plan_fingerprint=plan["plan_fingerprint"], source_hash=plan["source_hash"],
>           graph_fingerprint=plan["graph_fingerprint"], authority_fingerprint=plan["authority_fingerprint"],
                                                                               ^^^^^^^^^^^^^^^^^^^^^^^^^^^^^
            receipt_fingerprints=[fingerprint(p) for p in proof["steps"]], aggregate_step=sid,
            columns=columns, limits=effective.model_dump())
E       KeyError: 'authority_fingerprint'

src/sim2act/csv_dag_instances.py:71: KeyError
_______ test_invalid_new_input_and_request_replay_write_nothing[release] _______

env = (<sim2act.db.Store object at 0x7f1c26a408f0>, Settings(database_url='sqlite:////tmp/sim2act-dag-reuse-20261010/probe/t...b5ae6d68ae4dea89aa0ac75e90af53', 'user_a33f296428db4d18ae8c006afbae95d6', 'proj_7cf8d5ee5dbe4a0081513a505deba9b3', ...)
attack = 'release'

    @pytest.mark.parametrize('attack', ['missing','text','override','same-key','release','revision','replay'])
    def test_invalid_new_input_and_request_replay_write_nothing(env, attack):
>       _, _, _, _, rel = release(env)
                          ^^^^^^^^^^^^

tests/test_csv_dag_instances.py:133: 
_ _ _ _ _ _ _ _ _ _ _ _ _ _ _ _ _ _ _ _ _ _ _ _ _ _ _ _ _ _ _ _ _ _ _ _ _ _ _ _ 
tests/test_csv_dag_instances.py:46: in release
    approval = env[2].post(f"/api/csv-dag/runs/{job['id']}/release-approvals",
.venv/lib/python3.12/site-packages/httpx/_client.py:1144: in post
    return self.request(
.venv/lib/python3.12/site-packages/starlette/testclient.py:463: in request
    return super().request(
.venv/lib/python3.12/site-packages/httpx/_client.py:825: in request
    return self.send(request, auth=auth, follow_redirects=follow_redirects)
           ^^^^^^^^^^^^^^^^^^^^^^^^^^^^^^^^^^^^^^^^^^^^^^^^^^^^^^^^^^^^^^^^
.venv/lib/python3.12/site-packages/httpx/_client.py:914: in send
    response = self._send_handling_auth(
.venv/lib/python3.12/site-packages/httpx/_client.py:942: in _send_handling_auth
    response = self._send_handling_redirects(
.venv/lib/python3.12/site-packages/httpx/_client.py:979: in _send_handling_redirects
    response = self._send_single_request(request)
               ^^^^^^^^^^^^^^^^^^^^^^^^^^^^^^^^^^
.venv/lib/python3.12/site-packages/httpx/_client.py:1014: in _send_single_request
    response = transport.handle_request(request)
               ^^^^^^^^^^^^^^^^^^^^^^^^^^^^^^^^^
.venv/lib/python3.12/site-packages/starlette/testclient.py:360: in handle_request
    raise exc
.venv/lib/python3.12/site-packages/starlette/testclient.py:357: in handle_request
    portal.call(self.app, scope, receive, send)
.venv/lib/python3.12/site-packages/anyio/from_thread.py:340: in call
    return cast(T_Retval, self.start_task_soon(func, *args).result())
                          ^^^^^^^^^^^^^^^^^^^^^^^^^^^^^^^^^^^^^^^^^^
/opt/codex/runtimes/codex-primary-runtime/dependencies/python/lib/python3.12/concurrent/futures/_base.py:456: in result
    return self.__get_result()
           ^^^^^^^^^^^^^^^^^^^
/opt/codex/runtimes/codex-primary-runtime/dependencies/python/lib/python3.12/concurrent/futures/_base.py:401: in __get_result
    raise self._exception
.venv/lib/python3.12/site-packages/anyio/from_thread.py:265: in _call_func
    retval = await retval_or_awaitable
             ^^^^^^^^^^^^^^^^^^^^^^^^^
.venv/lib/python3.12/site-packages/fastapi/applications.py:1160: in __call__
    await super().__call__(scope, receive, send)
.venv/lib/python3.12/site-packages/starlette/applications.py:96: in __call__
    await self.middleware_stack(scope, receive, send)
.venv/lib/python3.12/site-packages/starlette/middleware/errors.py:186: in __call__
    raise exc
.venv/lib/python3.12/site-packages/starlette/middleware/errors.py:164: in __call__
    await self.app(scope, receive, _send)
.venv/lib/python3.12/site-packages/starlette/middleware/base.py:197: in __call__
    response = await self.dispatch_func(request, call_next)
               ^^^^^^^^^^^^^^^^^^^^^^^^^^^^^^^^^^^^^^^^^^^^
src/sim2act/api.py:170: in security
    response = await call_next(request)
               ^^^^^^^^^^^^^^^^^^^^^^^^
.venv/lib/python3.12/site-packages/starlette/middleware/base.py:173: in call_next
    raise app_exc from app_exc.__cause__ or app_exc.__context__
.venv/lib/python3.12/site-packages/starlette/middleware/base.py:149: in coro
    await self.app(scope, receive_or_disconnect, send_no_error)
.venv/lib/python3.12/site-packages/starlette/middleware/exceptions.py:63: in __call__
    await wrap_app_handling_exceptions(self.app, conn)(scope, receive, send)
.venv/lib/python3.12/site-packages/starlette/_exception_handler.py:53: in wrapped_app
    raise exc
.venv/lib/python3.12/site-packages/starlette/_exception_handler.py:42: in wrapped_app
    await app(scope, receive, sender)
.venv/lib/python3.12/site-packages/fastapi/middleware/asyncexitstack.py:18: in __call__
    await self.app(scope, receive, send)
.venv/lib/python3.12/site-packages/starlette/routing.py:676: in __call__
    await self.middleware_stack(scope, receive, send)
.venv/lib/python3.12/site-packages/starlette/routing.py:697: in app
    await route.handle(scope, receive, send)
.venv/lib/python3.12/site-packages/starlette/routing.py:282: in handle
    await self.app(scope, receive, send)
.venv/lib/python3.12/site-packages/fastapi/routing.py:130: in app
    await wrap_app_handling_exceptions(app, request)(scope, receive, send)
.venv/lib/python3.12/site-packages/starlette/_exception_handler.py:53: in wrapped_app
    raise exc
.venv/lib/python3.12/site-packages/starlette/_exception_handler.py:42: in wrapped_app
    await app(scope, receive, sender)
.venv/lib/python3.12/site-packages/fastapi/routing.py:116: in app
    response = await f(request)
               ^^^^^^^^^^^^^^^^
.venv/lib/python3.12/site-packages/fastapi/routing.py:670: in app
    raw_response = await run_endpoint_function(
.venv/lib/python3.12/site-packages/fastapi/routing.py:326: in run_endpoint_function
    return await run_in_threadpool(dependant.call, **values)
           ^^^^^^^^^^^^^^^^^^^^^^^^^^^^^^^^^^^^^^^^^^^^^^^^^
.venv/lib/python3.12/site-packages/starlette/concurrency.py:34: in run_in_threadpool
    return await anyio.to_thread.run_sync(func)
           ^^^^^^^^^^^^^^^^^^^^^^^^^^^^^^^^^^^^
.venv/lib/python3.12/site-packages/anyio/to_thread.py:65: in run_sync
    return await get_async_backend().run_sync_in_worker_thread(
.venv/lib/python3.12/site-packages/anyio/_backends/_asyncio.py:2706: in run_sync_in_worker_thread
    return await future
           ^^^^^^^^^^^^
.venv/lib/python3.12/site-packages/anyio/_backends/_asyncio.py:1100: in run
    result = context.run(func, *args)
             ^^^^^^^^^^^^^^^^^^^^^^^^
src/sim2act/internal_api.py:80: in dag_release
    return csv_dag_instances.prepare_release(store, user, rid, body.expected_plan_fingerprint, limits)
           ^^^^^^^^^^^^^^^^^^^^^^^^^^^^^^^^^^^^^^^^^^^^^^^^^^^^^^^^^^^^^^^^^^^^^^^^^^^^^^^^^^^^^^^^^^^
src/sim2act/csv_dag_instances.py:94: in prepare_release
    snap = source_snapshot(store, c, user, rid, limits)
           ^^^^^^^^^^^^^^^^^^^^^^^^^^^^^^^^^^^^^^^^^^^^
_ _ _ _ _ _ _ _ _ _ _ _ _ _ _ _ _ _ _ _ _ _ _ _ _ _ _ _ _ _ _ _ _ _ _ _ _ _ _ _ 

store = <sim2act.db.Store object at 0x7f1c26a408f0>
c = <sqlalchemy.engine.base.Connection object at 0x7f1c2632b0b0>
user = 'user_bbb5ae6d68ae4dea89aa0ac75e90af53'
rid = 'run_0ea39ce84fd545cfad3869e18d7a7ebf'
limits = Limits(max_requests=4, max_tools=4, max_repairs=1, max_total_tokens=64000, max_output_tokens=1024, run_seconds=300)

    def source_snapshot(store, c, user, rid, limits):
        dag.owner_lock(store, c, user, rid)
        job = dag.row(c, user, rid)
        bound = dag.binding(store, c, job, limits)
        require("internal_instance" not in bound, "A source must be an original completed DAG Run")
        proof = dag.inspect_job_tx(store, c, user, rid, limits)
        plan = bound["plan"]
        sid = closed(plan)
        require(proof["status"] == "SUCCEEDED" and len(proof["steps"]) == 2
            and all(p["status"] == "VERIFIED" for p in proof["steps"])
            and job["context"]["tools"] == 2, "Two actual verified source operations required")
        draft, _, _, _ = load_draft(store, c, user, bound["app_id"], limits, lock=True)
        frozen = {k: copy.deepcopy(draft[k]) for k in ("id", "project_id", "runtime_id", "candidate", "fingerprint")}
        raw = dag.read_source(store, c, job)
        columns = [v["name"] for v in csv_column_options(raw["content"])["columns"] if v["numeric"]]
        cap = store.frozen_contract(c, job).limits
        declared = Limits(**plan["definition"]["manifest"]["runtime_limits"])
        effective = Limits(**{k: min(getattr(cap, k), getattr(declared, k)) for k in Limits.model_fields})
        schema = lifecycle.record_schema(frozen["candidate"])
        validate_value(schema, {"result": proof["result"]["output_by_step"][sid]})
        execution = dict(version=VERSION, run_id=rid, run_version=job["version"], fence=job["fence"],
            accepted_fingerprint=job["fingerprint"], plan_key=bound["plan_key"],
            plan_fingerprint=plan["plan_fingerprint"], source_hash=plan["source_hash"],
>           graph_fingerprint=plan["graph_fingerprint"], authority_fingerprint=plan["authority_fingerprint"],
                                                                               ^^^^^^^^^^^^^^^^^^^^^^^^^^^^^
            receipt_fingerprints=[fingerprint(p) for p in proof["steps"]], aggregate_step=sid,
            columns=columns, limits=effective.model_dump())
E       KeyError: 'authority_fingerprint'

src/sim2act/csv_dag_instances.py:71: KeyError
______ test_invalid_new_input_and_request_replay_write_nothing[revision] _______

env = (<sim2act.db.Store object at 0x7f1c2ccbcc50>, Settings(database_url='sqlite:////tmp/sim2act-dag-reuse-20261010/probe/t...ea3c6b781749a7a202de617521655c', 'user_f6005bc60474462ab71b50c74f507954', 'proj_b94641286aae497296878f27e59f73ea', ...)
attack = 'revision'

    @pytest.mark.parametrize('attack', ['missing','text','override','same-key','release','revision','replay'])
    def test_invalid_new_input_and_request_replay_write_nothing(env, attack):
>       _, _, _, _, rel = release(env)
                          ^^^^^^^^^^^^

tests/test_csv_dag_instances.py:133: 
_ _ _ _ _ _ _ _ _ _ _ _ _ _ _ _ _ _ _ _ _ _ _ _ _ _ _ _ _ _ _ _ _ _ _ _ _ _ _ _ 
tests/test_csv_dag_instances.py:46: in release
    approval = env[2].post(f"/api/csv-dag/runs/{job['id']}/release-approvals",
.venv/lib/python3.12/site-packages/httpx/_client.py:1144: in post
    return self.request(
.venv/lib/python3.12/site-packages/starlette/testclient.py:463: in request
    return super().request(
.venv/lib/python3.12/site-packages/httpx/_client.py:825: in request
    return self.send(request, auth=auth, follow_redirects=follow_redirects)
           ^^^^^^^^^^^^^^^^^^^^^^^^^^^^^^^^^^^^^^^^^^^^^^^^^^^^^^^^^^^^^^^^
.venv/lib/python3.12/site-packages/httpx/_client.py:914: in send
    response = self._send_handling_auth(
.venv/lib/python3.12/site-packages/httpx/_client.py:942: in _send_handling_auth
    response = self._send_handling_redirects(
.venv/lib/python3.12/site-packages/httpx/_client.py:979: in _send_handling_redirects
    response = self._send_single_request(request)
               ^^^^^^^^^^^^^^^^^^^^^^^^^^^^^^^^^^
.venv/lib/python3.12/site-packages/httpx/_client.py:1014: in _send_single_request
    response = transport.handle_request(request)
               ^^^^^^^^^^^^^^^^^^^^^^^^^^^^^^^^^
.venv/lib/python3.12/site-packages/starlette/testclient.py:360: in handle_request
    raise exc
.venv/lib/python3.12/site-packages/starlette/testclient.py:357: in handle_request
    portal.call(self.app, scope, receive, send)
.venv/lib/python3.12/site-packages/anyio/from_thread.py:340: in call
    return cast(T_Retval, self.start_task_soon(func, *args).result())
                          ^^^^^^^^^^^^^^^^^^^^^^^^^^^^^^^^^^^^^^^^^^
/opt/codex/runtimes/codex-primary-runtime/dependencies/python/lib/python3.12/concurrent/futures/_base.py:456: in result
    return self.__get_result()
           ^^^^^^^^^^^^^^^^^^^
/opt/codex/runtimes/codex-primary-runtime/dependencies/python/lib/python3.12/concurrent/futures/_base.py:401: in __get_result
    raise self._exception
.venv/lib/python3.12/site-packages/anyio/from_thread.py:265: in _call_func
    retval = await retval_or_awaitable
             ^^^^^^^^^^^^^^^^^^^^^^^^^
.venv/lib/python3.12/site-packages/fastapi/applications.py:1160: in __call__
    await super().__call__(scope, receive, send)
.venv/lib/python3.12/site-packages/starlette/applications.py:96: in __call__
    await self.middleware_stack(scope, receive, send)
.venv/lib/python3.12/site-packages/starlette/middleware/errors.py:186: in __call__
    raise exc
.venv/lib/python3.12/site-packages/starlette/middleware/errors.py:164: in __call__
    await self.app(scope, receive, _send)
.venv/lib/python3.12/site-packages/starlette/middleware/base.py:197: in __call__
    response = await self.dispatch_func(request, call_next)
               ^^^^^^^^^^^^^^^^^^^^^^^^^^^^^^^^^^^^^^^^^^^^
src/sim2act/api.py:170: in security
    response = await call_next(request)
               ^^^^^^^^^^^^^^^^^^^^^^^^
.venv/lib/python3.12/site-packages/starlette/middleware/base.py:173: in call_next
    raise app_exc from app_exc.__cause__ or app_exc.__context__
.venv/lib/python3.12/site-packages/starlette/middleware/base.py:149: in coro
    await self.app(scope, receive_or_disconnect, send_no_error)
.venv/lib/python3.12/site-packages/starlette/middleware/exceptions.py:63: in __call__
    await wrap_app_handling_exceptions(self.app, conn)(scope, receive, send)
.venv/lib/python3.12/site-packages/starlette/_exception_handler.py:53: in wrapped_app
    raise exc
.venv/lib/python3.12/site-packages/starlette/_exception_handler.py:42: in wrapped_app
    await app(scope, receive, sender)
.venv/lib/python3.12/site-packages/fastapi/middleware/asyncexitstack.py:18: in __call__
    await self.app(scope, receive, send)
.venv/lib/python3.12/site-packages/starlette/routing.py:676: in __call__
    await self.middleware_stack(scope, receive, send)
.venv/lib/python3.12/site-packages/starlette/routing.py:697: in app
    await route.handle(scope, receive, send)
.venv/lib/python3.12/site-packages/starlette/routing.py:282: in handle
    await self.app(scope, receive, send)
.venv/lib/python3.12/site-packages/fastapi/routing.py:130: in app
    await wrap_app_handling_exceptions(app, request)(scope, receive, send)
.venv/lib/python3.12/site-packages/starlette/_exception_handler.py:53: in wrapped_app
    raise exc
.venv/lib/python3.12/site-packages/starlette/_exception_handler.py:42: in wrapped_app
    await app(scope, receive, sender)
.venv/lib/python3.12/site-packages/fastapi/routing.py:116: in app
    response = await f(request)
               ^^^^^^^^^^^^^^^^
.venv/lib/python3.12/site-packages/fastapi/routing.py:670: in app
    raw_response = await run_endpoint_function(
.venv/lib/python3.12/site-packages/fastapi/routing.py:326: in run_endpoint_function
    return await run_in_threadpool(dependant.call, **values)
           ^^^^^^^^^^^^^^^^^^^^^^^^^^^^^^^^^^^^^^^^^^^^^^^^^
.venv/lib/python3.12/site-packages/starlette/concurrency.py:34: in run_in_threadpool
    return await anyio.to_thread.run_sync(func)
           ^^^^^^^^^^^^^^^^^^^^^^^^^^^^^^^^^^^^
.venv/lib/python3.12/site-packages/anyio/to_thread.py:65: in run_sync
    return await get_async_backend().run_sync_in_worker_thread(
.venv/lib/python3.12/site-packages/anyio/_backends/_asyncio.py:2706: in run_sync_in_worker_thread
    return await future
           ^^^^^^^^^^^^
.venv/lib/python3.12/site-packages/anyio/_backends/_asyncio.py:1100: in run
    result = context.run(func, *args)
             ^^^^^^^^^^^^^^^^^^^^^^^^
src/sim2act/internal_api.py:80: in dag_release
    return csv_dag_instances.prepare_release(store, user, rid, body.expected_plan_fingerprint, limits)
           ^^^^^^^^^^^^^^^^^^^^^^^^^^^^^^^^^^^^^^^^^^^^^^^^^^^^^^^^^^^^^^^^^^^^^^^^^^^^^^^^^^^^^^^^^^^
src/sim2act/csv_dag_instances.py:94: in prepare_release
    snap = source_snapshot(store, c, user, rid, limits)
           ^^^^^^^^^^^^^^^^^^^^^^^^^^^^^^^^^^^^^^^^^^^^
_ _ _ _ _ _ _ _ _ _ _ _ _ _ _ _ _ _ _ _ _ _ _ _ _ _ _ _ _ _ _ _ _ _ _ _ _ _ _ _ 

store = <sim2act.db.Store object at 0x7f1c2ccbcc50>
c = <sqlalchemy.engine.base.Connection object at 0x7f1c268ce480>
user = 'user_29ea3c6b781749a7a202de617521655c'
rid = 'run_2511076fdb3246ca875c1e158401aaf5'
limits = Limits(max_requests=4, max_tools=4, max_repairs=1, max_total_tokens=64000, max_output_tokens=1024, run_seconds=300)

    def source_snapshot(store, c, user, rid, limits):
        dag.owner_lock(store, c, user, rid)
        job = dag.row(c, user, rid)
        bound = dag.binding(store, c, job, limits)
        require("internal_instance" not in bound, "A source must be an original completed DAG Run")
        proof = dag.inspect_job_tx(store, c, user, rid, limits)
        plan = bound["plan"]
        sid = closed(plan)
        require(proof["status"] == "SUCCEEDED" and len(proof["steps"]) == 2
            and all(p["status"] == "VERIFIED" for p in proof["steps"])
            and job["context"]["tools"] == 2, "Two actual verified source operations required")
        draft, _, _, _ = load_draft(store, c, user, bound["app_id"], limits, lock=True)
        frozen = {k: copy.deepcopy(draft[k]) for k in ("id", "project_id", "runtime_id", "candidate", "fingerprint")}
        raw = dag.read_source(store, c, job)
        columns = [v["name"] for v in csv_column_options(raw["content"])["columns"] if v["numeric"]]
        cap = store.frozen_contract(c, job).limits
        declared = Limits(**plan["definition"]["manifest"]["runtime_limits"])
        effective = Limits(**{k: min(getattr(cap, k), getattr(declared, k)) for k in Limits.model_fields})
        schema = lifecycle.record_schema(frozen["candidate"])
        validate_value(schema, {"result": proof["result"]["output_by_step"][sid]})
        execution = dict(version=VERSION, run_id=rid, run_version=job["version"], fence=job["fence"],
            accepted_fingerprint=job["fingerprint"], plan_key=bound["plan_key"],
            plan_fingerprint=plan["plan_fingerprint"], source_hash=plan["source_hash"],
>           graph_fingerprint=plan["graph_fingerprint"], authority_fingerprint=plan["authority_fingerprint"],
                                                                               ^^^^^^^^^^^^^^^^^^^^^^^^^^^^^
            receipt_fingerprints=[fingerprint(p) for p in proof["steps"]], aggregate_step=sid,
            columns=columns, limits=effective.model_dump())
E       KeyError: 'authority_fingerprint'

src/sim2act/csv_dag_instances.py:71: KeyError
_______ test_invalid_new_input_and_request_replay_write_nothing[replay] ________

env = (<sim2act.db.Store object at 0x7f1c2cd298b0>, Settings(database_url='sqlite:////tmp/sim2act-dag-reuse-20261010/probe/t...f3dca9e8bc4892a2cb398de6c9e9f3', 'user_5aba99265e1b444b9c329cbc5c642860', 'proj_b52b38e708c341af95f9f1544ef58172', ...)
attack = 'replay'

    @pytest.mark.parametrize('attack', ['missing','text','override','same-key','release','revision','replay'])
    def test_invalid_new_input_and_request_replay_write_nothing(env, attack):
>       _, _, _, _, rel = release(env)
                          ^^^^^^^^^^^^

tests/test_csv_dag_instances.py:133: 
_ _ _ _ _ _ _ _ _ _ _ _ _ _ _ _ _ _ _ _ _ _ _ _ _ _ _ _ _ _ _ _ _ _ _ _ _ _ _ _ 
tests/test_csv_dag_instances.py:46: in release
    approval = env[2].post(f"/api/csv-dag/runs/{job['id']}/release-approvals",
.venv/lib/python3.12/site-packages/httpx/_client.py:1144: in post
    return self.request(
.venv/lib/python3.12/site-packages/starlette/testclient.py:463: in request
    return super().request(
.venv/lib/python3.12/site-packages/httpx/_client.py:825: in request
    return self.send(request, auth=auth, follow_redirects=follow_redirects)
           ^^^^^^^^^^^^^^^^^^^^^^^^^^^^^^^^^^^^^^^^^^^^^^^^^^^^^^^^^^^^^^^^
.venv/lib/python3.12/site-packages/httpx/_client.py:914: in send
    response = self._send_handling_auth(
.venv/lib/python3.12/site-packages/httpx/_client.py:942: in _send_handling_auth
    response = self._send_handling_redirects(
.venv/lib/python3.12/site-packages/httpx/_client.py:979: in _send_handling_redirects
    response = self._send_single_request(request)
               ^^^^^^^^^^^^^^^^^^^^^^^^^^^^^^^^^^
.venv/lib/python3.12/site-packages/httpx/_client.py:1014: in _send_single_request
    response = transport.handle_request(request)
               ^^^^^^^^^^^^^^^^^^^^^^^^^^^^^^^^^
.venv/lib/python3.12/site-packages/starlette/testclient.py:360: in handle_request
    raise exc
.venv/lib/python3.12/site-packages/starlette/testclient.py:357: in handle_request
    portal.call(self.app, scope, receive, send)
.venv/lib/python3.12/site-packages/anyio/from_thread.py:340: in call
    return cast(T_Retval, self.start_task_soon(func, *args).result())
                          ^^^^^^^^^^^^^^^^^^^^^^^^^^^^^^^^^^^^^^^^^^
/opt/codex/runtimes/codex-primary-runtime/dependencies/python/lib/python3.12/concurrent/futures/_base.py:456: in result
    return self.__get_result()
           ^^^^^^^^^^^^^^^^^^^
/opt/codex/runtimes/codex-primary-runtime/dependencies/python/lib/python3.12/concurrent/futures/_base.py:401: in __get_result
    raise self._exception
.venv/lib/python3.12/site-packages/anyio/from_thread.py:265: in _call_func
    retval = await retval_or_awaitable
             ^^^^^^^^^^^^^^^^^^^^^^^^^
.venv/lib/python3.12/site-packages/fastapi/applications.py:1160: in __call__
    await super().__call__(scope, receive, send)
.venv/lib/python3.12/site-packages/starlette/applications.py:96: in __call__
    await self.middleware_stack(scope, receive, send)
.venv/lib/python3.12/site-packages/starlette/middleware/errors.py:186: in __call__
    raise exc
.venv/lib/python3.12/site-packages/starlette/middleware/errors.py:164: in __call__
    await self.app(scope, receive, _send)
.venv/lib/python3.12/site-packages/starlette/middleware/base.py:197: in __call__
    response = await self.dispatch_func(request, call_next)
               ^^^^^^^^^^^^^^^^^^^^^^^^^^^^^^^^^^^^^^^^^^^^
src/sim2act/api.py:170: in security
    response = await call_next(request)
               ^^^^^^^^^^^^^^^^^^^^^^^^
.venv/lib/python3.12/site-packages/starlette/middleware/base.py:173: in call_next
    raise app_exc from app_exc.__cause__ or app_exc.__context__
.venv/lib/python3.12/site-packages/starlette/middleware/base.py:149: in coro
    await self.app(scope, receive_or_disconnect, send_no_error)
.venv/lib/python3.12/site-packages/starlette/middleware/exceptions.py:63: in __call__
    await wrap_app_handling_exceptions(self.app, conn)(scope, receive, send)
.venv/lib/python3.12/site-packages/starlette/_exception_handler.py:53: in wrapped_app
    raise exc
.venv/lib/python3.12/site-packages/starlette/_exception_handler.py:42: in wrapped_app
    await app(scope, receive, sender)
.venv/lib/python3.12/site-packages/fastapi/middleware/asyncexitstack.py:18: in __call__
    await self.app(scope, receive, send)
.venv/lib/python3.12/site-packages/starlette/routing.py:676: in __call__
    await self.middleware_stack(scope, receive, send)
.venv/lib/python3.12/site-packages/starlette/routing.py:697: in app
    await route.handle(scope, receive, send)
.venv/lib/python3.12/site-packages/starlette/routing.py:282: in handle
    await self.app(scope, receive, send)
.venv/lib/python3.12/site-packages/fastapi/routing.py:130: in app
    await wrap_app_handling_exceptions(app, request)(scope, receive, send)
.venv/lib/python3.12/site-packages/starlette/_exception_handler.py:53: in wrapped_app
    raise exc
.venv/lib/python3.12/site-packages/starlette/_exception_handler.py:42: in wrapped_app
    await app(scope, receive, sender)
.venv/lib/python3.12/site-packages/fastapi/routing.py:116: in app
    response = await f(request)
               ^^^^^^^^^^^^^^^^
.venv/lib/python3.12/site-packages/fastapi/routing.py:670: in app
    raw_response = await run_endpoint_function(
.venv/lib/python3.12/site-packages/fastapi/routing.py:326: in run_endpoint_function
    return await run_in_threadpool(dependant.call, **values)
           ^^^^^^^^^^^^^^^^^^^^^^^^^^^^^^^^^^^^^^^^^^^^^^^^^
.venv/lib/python3.12/site-packages/starlette/concurrency.py:34: in run_in_threadpool
    return await anyio.to_thread.run_sync(func)
           ^^^^^^^^^^^^^^^^^^^^^^^^^^^^^^^^^^^^
.venv/lib/python3.12/site-packages/anyio/to_thread.py:65: in run_sync
    return await get_async_backend().run_sync_in_worker_thread(
.venv/lib/python3.12/site-packages/anyio/_backends/_asyncio.py:2706: in run_sync_in_worker_thread
    return await future
           ^^^^^^^^^^^^
.venv/lib/python3.12/site-packages/anyio/_backends/_asyncio.py:1100: in run
    result = context.run(func, *args)
             ^^^^^^^^^^^^^^^^^^^^^^^^
src/sim2act/internal_api.py:80: in dag_release
    return csv_dag_instances.prepare_release(store, user, rid, body.expected_plan_fingerprint, limits)
           ^^^^^^^^^^^^^^^^^^^^^^^^^^^^^^^^^^^^^^^^^^^^^^^^^^^^^^^^^^^^^^^^^^^^^^^^^^^^^^^^^^^^^^^^^^^
src/sim2act/csv_dag_instances.py:94: in prepare_release
    snap = source_snapshot(store, c, user, rid, limits)
           ^^^^^^^^^^^^^^^^^^^^^^^^^^^^^^^^^^^^^^^^^^^^
_ _ _ _ _ _ _ _ _ _ _ _ _ _ _ _ _ _ _ _ _ _ _ _ _ _ _ _ _ _ _ _ _ _ _ _ _ _ _ _ 

store = <sim2act.db.Store object at 0x7f1c2cd298b0>
c = <sqlalchemy.engine.base.Connection object at 0x7f1c2cc2a420>
user = 'user_56f3dca9e8bc4892a2cb398de6c9e9f3'
rid = 'run_9a3ffbb807ce4452ac7bd39921e8d7e9'
limits = Limits(max_requests=4, max_tools=4, max_repairs=1, max_total_tokens=64000, max_output_tokens=1024, run_seconds=300)

    def source_snapshot(store, c, user, rid, limits):
        dag.owner_lock(store, c, user, rid)
        job = dag.row(c, user, rid)
        bound = dag.binding(store, c, job, limits)
        require("internal_instance" not in bound, "A source must be an original completed DAG Run")
        proof = dag.inspect_job_tx(store, c, user, rid, limits)
        plan = bound["plan"]
        sid = closed(plan)
        require(proof["status"] == "SUCCEEDED" and len(proof["steps"]) == 2
            and all(p["status"] == "VERIFIED" for p in proof["steps"])
            and job["context"]["tools"] == 2, "Two actual verified source operations required")
        draft, _, _, _ = load_draft(store, c, user, bound["app_id"], limits, lock=True)
        frozen = {k: copy.deepcopy(draft[k]) for k in ("id", "project_id", "runtime_id", "candidate", "fingerprint")}
        raw = dag.read_source(store, c, job)
        columns = [v["name"] for v in csv_column_options(raw["content"])["columns"] if v["numeric"]]
        cap = store.frozen_contract(c, job).limits
        declared = Limits(**plan["definition"]["manifest"]["runtime_limits"])
        effective = Limits(**{k: min(getattr(cap, k), getattr(declared, k)) for k in Limits.model_fields})
        schema = lifecycle.record_schema(frozen["candidate"])
        validate_value(schema, {"result": proof["result"]["output_by_step"][sid]})
        execution = dict(version=VERSION, run_id=rid, run_version=job["version"], fence=job["fence"],
            accepted_fingerprint=job["fingerprint"], plan_key=bound["plan_key"],
            plan_fingerprint=plan["plan_fingerprint"], source_hash=plan["source_hash"],
>           graph_fingerprint=plan["graph_fingerprint"], authority_fingerprint=plan["authority_fingerprint"],
                                                                               ^^^^^^^^^^^^^^^^^^^^^^^^^^^^^
            receipt_fingerprints=[fingerprint(p) for p in proof["steps"]], aggregate_step=sid,
            columns=columns, limits=effective.model_dump())
E       KeyError: 'authority_fingerprint'

src/sim2act/csv_dag_instances.py:71: KeyError
_____ test_changed_authority_provenance_or_cas_never_appends_result[grant] _____

env = (<sim2act.db.Store object at 0x7f1c2c316540>, Settings(database_url='sqlite:////tmp/sim2act-dag-reuse-20261010/probe/t...73c52fa6764fc7a7e726b62aec8513', 'user_fe1de89229844b4fb4c1fddabe6aed09', 'proj_cfe9a82e3fa741a59da2c75c279264ce', ...)
attack = 'grant'

    @pytest.mark.parametrize('attack', ['grant','source','instance-aba','binding-delete','binding-input','receipt'])
    def test_changed_authority_provenance_or_cas_never_appends_result(env, attack):
>       _, rid, _, _, rel = release(env)
                            ^^^^^^^^^^^^

tests/test_csv_dag_instances.py:152: 
_ _ _ _ _ _ _ _ _ _ _ _ _ _ _ _ _ _ _ _ _ _ _ _ _ _ _ _ _ _ _ _ _ _ _ _ _ _ _ _ 
tests/test_csv_dag_instances.py:46: in release
    approval = env[2].post(f"/api/csv-dag/runs/{job['id']}/release-approvals",
.venv/lib/python3.12/site-packages/httpx/_client.py:1144: in post
    return self.request(
.venv/lib/python3.12/site-packages/starlette/testclient.py:463: in request
    return super().request(
.venv/lib/python3.12/site-packages/httpx/_client.py:825: in request
    return self.send(request, auth=auth, follow_redirects=follow_redirects)
           ^^^^^^^^^^^^^^^^^^^^^^^^^^^^^^^^^^^^^^^^^^^^^^^^^^^^^^^^^^^^^^^^
.venv/lib/python3.12/site-packages/httpx/_client.py:914: in send
    response = self._send_handling_auth(
.venv/lib/python3.12/site-packages/httpx/_client.py:942: in _send_handling_auth
    response = self._send_handling_redirects(
.venv/lib/python3.12/site-packages/httpx/_client.py:979: in _send_handling_redirects
    response = self._send_single_request(request)
               ^^^^^^^^^^^^^^^^^^^^^^^^^^^^^^^^^^
.venv/lib/python3.12/site-packages/httpx/_client.py:1014: in _send_single_request
    response = transport.handle_request(request)
               ^^^^^^^^^^^^^^^^^^^^^^^^^^^^^^^^^
.venv/lib/python3.12/site-packages/starlette/testclient.py:360: in handle_request
    raise exc
.venv/lib/python3.12/site-packages/starlette/testclient.py:357: in handle_request
    portal.call(self.app, scope, receive, send)
.venv/lib/python3.12/site-packages/anyio/from_thread.py:340: in call
    return cast(T_Retval, self.start_task_soon(func, *args).result())
                          ^^^^^^^^^^^^^^^^^^^^^^^^^^^^^^^^^^^^^^^^^^
/opt/codex/runtimes/codex-primary-runtime/dependencies/python/lib/python3.12/concurrent/futures/_base.py:456: in result
    return self.__get_result()
           ^^^^^^^^^^^^^^^^^^^
/opt/codex/runtimes/codex-primary-runtime/dependencies/python/lib/python3.12/concurrent/futures/_base.py:401: in __get_result
    raise self._exception
.venv/lib/python3.12/site-packages/anyio/from_thread.py:265: in _call_func
    retval = await retval_or_awaitable
             ^^^^^^^^^^^^^^^^^^^^^^^^^
.venv/lib/python3.12/site-packages/fastapi/applications.py:1160: in __call__
    await super().__call__(scope, receive, send)
.venv/lib/python3.12/site-packages/starlette/applications.py:96: in __call__
    await self.middleware_stack(scope, receive, send)
.venv/lib/python3.12/site-packages/starlette/middleware/errors.py:186: in __call__
    raise exc
.venv/lib/python3.12/site-packages/starlette/middleware/errors.py:164: in __call__
    await self.app(scope, receive, _send)
.venv/lib/python3.12/site-packages/starlette/middleware/base.py:197: in __call__
    response = await self.dispatch_func(request, call_next)
               ^^^^^^^^^^^^^^^^^^^^^^^^^^^^^^^^^^^^^^^^^^^^
src/sim2act/api.py:170: in security
    response = await call_next(request)
               ^^^^^^^^^^^^^^^^^^^^^^^^
.venv/lib/python3.12/site-packages/starlette/middleware/base.py:173: in call_next
    raise app_exc from app_exc.__cause__ or app_exc.__context__
.venv/lib/python3.12/site-packages/starlette/middleware/base.py:149: in coro
    await self.app(scope, receive_or_disconnect, send_no_error)
.venv/lib/python3.12/site-packages/starlette/middleware/exceptions.py:63: in __call__
    await wrap_app_handling_exceptions(self.app, conn)(scope, receive, send)
.venv/lib/python3.12/site-packages/starlette/_exception_handler.py:53: in wrapped_app
    raise exc
.venv/lib/python3.12/site-packages/starlette/_exception_handler.py:42: in wrapped_app
    await app(scope, receive, sender)
.venv/lib/python3.12/site-packages/fastapi/middleware/asyncexitstack.py:18: in __call__
    await self.app(scope, receive, send)
.venv/lib/python3.12/site-packages/starlette/routing.py:676: in __call__
    await self.middleware_stack(scope, receive, send)
.venv/lib/python3.12/site-packages/starlette/routing.py:697: in app
    await route.handle(scope, receive, send)
.venv/lib/python3.12/site-packages/starlette/routing.py:282: in handle
    await self.app(scope, receive, send)
.venv/lib/python3.12/site-packages/fastapi/routing.py:130: in app
    await wrap_app_handling_exceptions(app, request)(scope, receive, send)
.venv/lib/python3.12/site-packages/starlette/_exception_handler.py:53: in wrapped_app
    raise exc
.venv/lib/python3.12/site-packages/starlette/_exception_handler.py:42: in wrapped_app
    await app(scope, receive, sender)
.venv/lib/python3.12/site-packages/fastapi/routing.py:116: in app
    response = await f(request)
               ^^^^^^^^^^^^^^^^
.venv/lib/python3.12/site-packages/fastapi/routing.py:670: in app
    raw_response = await run_endpoint_function(
.venv/lib/python3.12/site-packages/fastapi/routing.py:326: in run_endpoint_function
    return await run_in_threadpool(dependant.call, **values)
           ^^^^^^^^^^^^^^^^^^^^^^^^^^^^^^^^^^^^^^^^^^^^^^^^^
.venv/lib/python3.12/site-packages/starlette/concurrency.py:34: in run_in_threadpool
    return await anyio.to_thread.run_sync(func)
           ^^^^^^^^^^^^^^^^^^^^^^^^^^^^^^^^^^^^
.venv/lib/python3.12/site-packages/anyio/to_thread.py:65: in run_sync
    return await get_async_backend().run_sync_in_worker_thread(
.venv/lib/python3.12/site-packages/anyio/_backends/_asyncio.py:2706: in run_sync_in_worker_thread
    return await future
           ^^^^^^^^^^^^
.venv/lib/python3.12/site-packages/anyio/_backends/_asyncio.py:1100: in run
    result = context.run(func, *args)
             ^^^^^^^^^^^^^^^^^^^^^^^^
src/sim2act/internal_api.py:80: in dag_release
    return csv_dag_instances.prepare_release(store, user, rid, body.expected_plan_fingerprint, limits)
           ^^^^^^^^^^^^^^^^^^^^^^^^^^^^^^^^^^^^^^^^^^^^^^^^^^^^^^^^^^^^^^^^^^^^^^^^^^^^^^^^^^^^^^^^^^^
src/sim2act/csv_dag_instances.py:94: in prepare_release
    snap = source_snapshot(store, c, user, rid, limits)
           ^^^^^^^^^^^^^^^^^^^^^^^^^^^^^^^^^^^^^^^^^^^^
_ _ _ _ _ _ _ _ _ _ _ _ _ _ _ _ _ _ _ _ _ _ _ _ _ _ _ _ _ _ _ _ _ _ _ _ _ _ _ _ 

store = <sim2act.db.Store object at 0x7f1c2c316540>
c = <sqlalchemy.engine.base.Connection object at 0x7f1c26e4a720>
user = 'user_3073c52fa6764fc7a7e726b62aec8513'
rid = 'run_8a0d8e1f9eaa415ab468d4b48db0e079'
limits = Limits(max_requests=4, max_tools=4, max_repairs=1, max_total_tokens=64000, max_output_tokens=1024, run_seconds=300)

    def source_snapshot(store, c, user, rid, limits):
        dag.owner_lock(store, c, user, rid)
        job = dag.row(c, user, rid)
        bound = dag.binding(store, c, job, limits)
        require("internal_instance" not in bound, "A source must be an original completed DAG Run")
        proof = dag.inspect_job_tx(store, c, user, rid, limits)
        plan = bound["plan"]
        sid = closed(plan)
        require(proof["status"] == "SUCCEEDED" and len(proof["steps"]) == 2
            and all(p["status"] == "VERIFIED" for p in proof["steps"])
            and job["context"]["tools"] == 2, "Two actual verified source operations required")
        draft, _, _, _ = load_draft(store, c, user, bound["app_id"], limits, lock=True)
        frozen = {k: copy.deepcopy(draft[k]) for k in ("id", "project_id", "runtime_id", "candidate", "fingerprint")}
        raw = dag.read_source(store, c, job)
        columns = [v["name"] for v in csv_column_options(raw["content"])["columns"] if v["numeric"]]
        cap = store.frozen_contract(c, job).limits
        declared = Limits(**plan["definition"]["manifest"]["runtime_limits"])
        effective = Limits(**{k: min(getattr(cap, k), getattr(declared, k)) for k in Limits.model_fields})
        schema = lifecycle.record_schema(frozen["candidate"])
        validate_value(schema, {"result": proof["result"]["output_by_step"][sid]})
        execution = dict(version=VERSION, run_id=rid, run_version=job["version"], fence=job["fence"],
            accepted_fingerprint=job["fingerprint"], plan_key=bound["plan_key"],
            plan_fingerprint=plan["plan_fingerprint"], source_hash=plan["source_hash"],
>           graph_fingerprint=plan["graph_fingerprint"], authority_fingerprint=plan["authority_fingerprint"],
                                                                               ^^^^^^^^^^^^^^^^^^^^^^^^^^^^^
            receipt_fingerprints=[fingerprint(p) for p in proof["steps"]], aggregate_step=sid,
            columns=columns, limits=effective.model_dump())
E       KeyError: 'authority_fingerprint'

src/sim2act/csv_dag_instances.py:71: KeyError
____ test_changed_authority_provenance_or_cas_never_appends_result[source] _____

env = (<sim2act.db.Store object at 0x7f1c26e7e8a0>, Settings(database_url='sqlite:////tmp/sim2act-dag-reuse-20261010/probe/t...45e385bcbc4b96b45ec18199534105', 'user_6869bc982710429595c8f1a80bf63827', 'proj_38fd6834bc754a75ac097373b46f23ca', ...)
attack = 'source'

    @pytest.mark.parametrize('attack', ['grant','source','instance-aba','binding-delete','binding-input','receipt'])
    def test_changed_authority_provenance_or_cas_never_appends_result(env, attack):
>       _, rid, _, _, rel = release(env)
                            ^^^^^^^^^^^^

tests/test_csv_dag_instances.py:152: 
_ _ _ _ _ _ _ _ _ _ _ _ _ _ _ _ _ _ _ _ _ _ _ _ _ _ _ _ _ _ _ _ _ _ _ _ _ _ _ _ 
tests/test_csv_dag_instances.py:46: in release
    approval = env[2].post(f"/api/csv-dag/runs/{job['id']}/release-approvals",
.venv/lib/python3.12/site-packages/httpx/_client.py:1144: in post
    return self.request(
.venv/lib/python3.12/site-packages/starlette/testclient.py:463: in request
    return super().request(
.venv/lib/python3.12/site-packages/httpx/_client.py:825: in request
    return self.send(request, auth=auth, follow_redirects=follow_redirects)
           ^^^^^^^^^^^^^^^^^^^^^^^^^^^^^^^^^^^^^^^^^^^^^^^^^^^^^^^^^^^^^^^^
.venv/lib/python3.12/site-packages/httpx/_client.py:914: in send
    response = self._send_handling_auth(
.venv/lib/python3.12/site-packages/httpx/_client.py:942: in _send_handling_auth
    response = self._send_handling_redirects(
.venv/lib/python3.12/site-packages/httpx/_client.py:979: in _send_handling_redirects
    response = self._send_single_request(request)
               ^^^^^^^^^^^^^^^^^^^^^^^^^^^^^^^^^^
.venv/lib/python3.12/site-packages/httpx/_client.py:1014: in _send_single_request
    response = transport.handle_request(request)
               ^^^^^^^^^^^^^^^^^^^^^^^^^^^^^^^^^
.venv/lib/python3.12/site-packages/starlette/testclient.py:360: in handle_request
    raise exc
.venv/lib/python3.12/site-packages/starlette/testclient.py:357: in handle_request
    portal.call(self.app, scope, receive, send)
.venv/lib/python3.12/site-packages/anyio/from_thread.py:340: in call
    return cast(T_Retval, self.start_task_soon(func, *args).result())
                          ^^^^^^^^^^^^^^^^^^^^^^^^^^^^^^^^^^^^^^^^^^
/opt/codex/runtimes/codex-primary-runtime/dependencies/python/lib/python3.12/concurrent/futures/_base.py:456: in result
    return self.__get_result()
           ^^^^^^^^^^^^^^^^^^^
/opt/codex/runtimes/codex-primary-runtime/dependencies/python/lib/python3.12/concurrent/futures/_base.py:401: in __get_result
    raise self._exception
.venv/lib/python3.12/site-packages/anyio/from_thread.py:265: in _call_func
    retval = await retval_or_awaitable
             ^^^^^^^^^^^^^^^^^^^^^^^^^
.venv/lib/python3.12/site-packages/fastapi/applications.py:1160: in __call__
    await super().__call__(scope, receive, send)
.venv/lib/python3.12/site-packages/starlette/applications.py:96: in __call__
    await self.middleware_stack(scope, receive, send)
.venv/lib/python3.12/site-packages/starlette/middleware/errors.py:186: in __call__
    raise exc
.venv/lib/python3.12/site-packages/starlette/middleware/errors.py:164: in __call__
    await self.app(scope, receive, _send)
.venv/lib/python3.12/site-packages/starlette/middleware/base.py:197: in __call__
    response = await self.dispatch_func(request, call_next)
               ^^^^^^^^^^^^^^^^^^^^^^^^^^^^^^^^^^^^^^^^^^^^
src/sim2act/api.py:170: in security
    response = await call_next(request)
               ^^^^^^^^^^^^^^^^^^^^^^^^
.venv/lib/python3.12/site-packages/starlette/middleware/base.py:173: in call_next
    raise app_exc from app_exc.__cause__ or app_exc.__context__
.venv/lib/python3.12/site-packages/starlette/middleware/base.py:149: in coro
    await self.app(scope, receive_or_disconnect, send_no_error)
.venv/lib/python3.12/site-packages/starlette/middleware/exceptions.py:63: in __call__
    await wrap_app_handling_exceptions(self.app, conn)(scope, receive, send)
.venv/lib/python3.12/site-packages/starlette/_exception_handler.py:53: in wrapped_app
    raise exc
.venv/lib/python3.12/site-packages/starlette/_exception_handler.py:42: in wrapped_app
    await app(scope, receive, sender)
.venv/lib/python3.12/site-packages/fastapi/middleware/asyncexitstack.py:18: in __call__
    await self.app(scope, receive, send)
.venv/lib/python3.12/site-packages/starlette/routing.py:676: in __call__
    await self.middleware_stack(scope, receive, send)
.venv/lib/python3.12/site-packages/starlette/routing.py:697: in app
    await route.handle(scope, receive, send)
.venv/lib/python3.12/site-packages/starlette/routing.py:282: in handle
    await self.app(scope, receive, send)
.venv/lib/python3.12/site-packages/fastapi/routing.py:130: in app
    await wrap_app_handling_exceptions(app, request)(scope, receive, send)
.venv/lib/python3.12/site-packages/starlette/_exception_handler.py:53: in wrapped_app
    raise exc
.venv/lib/python3.12/site-packages/starlette/_exception_handler.py:42: in wrapped_app
    await app(scope, receive, sender)
.venv/lib/python3.12/site-packages/fastapi/routing.py:116: in app
    response = await f(request)
               ^^^^^^^^^^^^^^^^
.venv/lib/python3.12/site-packages/fastapi/routing.py:670: in app
    raw_response = await run_endpoint_function(
.venv/lib/python3.12/site-packages/fastapi/routing.py:326: in run_endpoint_function
    return await run_in_threadpool(dependant.call, **values)
           ^^^^^^^^^^^^^^^^^^^^^^^^^^^^^^^^^^^^^^^^^^^^^^^^^
.venv/lib/python3.12/site-packages/starlette/concurrency.py:34: in run_in_threadpool
    return await anyio.to_thread.run_sync(func)
           ^^^^^^^^^^^^^^^^^^^^^^^^^^^^^^^^^^^^
.venv/lib/python3.12/site-packages/anyio/to_thread.py:65: in run_sync
    return await get_async_backend().run_sync_in_worker_thread(
.venv/lib/python3.12/site-packages/anyio/_backends/_asyncio.py:2706: in run_sync_in_worker_thread
    return await future
           ^^^^^^^^^^^^
.venv/lib/python3.12/site-packages/anyio/_backends/_asyncio.py:1100: in run
    result = context.run(func, *args)
             ^^^^^^^^^^^^^^^^^^^^^^^^
src/sim2act/internal_api.py:80: in dag_release
    return csv_dag_instances.prepare_release(store, user, rid, body.expected_plan_fingerprint, limits)
           ^^^^^^^^^^^^^^^^^^^^^^^^^^^^^^^^^^^^^^^^^^^^^^^^^^^^^^^^^^^^^^^^^^^^^^^^^^^^^^^^^^^^^^^^^^^
src/sim2act/csv_dag_instances.py:94: in prepare_release
    snap = source_snapshot(store, c, user, rid, limits)
           ^^^^^^^^^^^^^^^^^^^^^^^^^^^^^^^^^^^^^^^^^^^^
_ _ _ _ _ _ _ _ _ _ _ _ _ _ _ _ _ _ _ _ _ _ _ _ _ _ _ _ _ _ _ _ _ _ _ _ _ _ _ _ 

store = <sim2act.db.Store object at 0x7f1c26e7e8a0>
c = <sqlalchemy.engine.base.Connection object at 0x7f1c2c3cf620>
user = 'user_4145e385bcbc4b96b45ec18199534105'
rid = 'run_f126a76038e7417aa1c3170f03da9716'
limits = Limits(max_requests=4, max_tools=4, max_repairs=1, max_total_tokens=64000, max_output_tokens=1024, run_seconds=300)

    def source_snapshot(store, c, user, rid, limits):
        dag.owner_lock(store, c, user, rid)
        job = dag.row(c, user, rid)
        bound = dag.binding(store, c, job, limits)
        require("internal_instance" not in bound, "A source must be an original completed DAG Run")
        proof = dag.inspect_job_tx(store, c, user, rid, limits)
        plan = bound["plan"]
        sid = closed(plan)
        require(proof["status"] == "SUCCEEDED" and len(proof["steps"]) == 2
            and all(p["status"] == "VERIFIED" for p in proof["steps"])
            and job["context"]["tools"] == 2, "Two actual verified source operations required")
        draft, _, _, _ = load_draft(store, c, user, bound["app_id"], limits, lock=True)
        frozen = {k: copy.deepcopy(draft[k]) for k in ("id", "project_id", "runtime_id", "candidate", "fingerprint")}
        raw = dag.read_source(store, c, job)
        columns = [v["name"] for v in csv_column_options(raw["content"])["columns"] if v["numeric"]]
        cap = store.frozen_contract(c, job).limits
        declared = Limits(**plan["definition"]["manifest"]["runtime_limits"])
        effective = Limits(**{k: min(getattr(cap, k), getattr(declared, k)) for k in Limits.model_fields})
        schema = lifecycle.record_schema(frozen["candidate"])
        validate_value(schema, {"result": proof["result"]["output_by_step"][sid]})
        execution = dict(version=VERSION, run_id=rid, run_version=job["version"], fence=job["fence"],
            accepted_fingerprint=job["fingerprint"], plan_key=bound["plan_key"],
            plan_fingerprint=plan["plan_fingerprint"], source_hash=plan["source_hash"],
>           graph_fingerprint=plan["graph_fingerprint"], authority_fingerprint=plan["authority_fingerprint"],
                                                                               ^^^^^^^^^^^^^^^^^^^^^^^^^^^^^
            receipt_fingerprints=[fingerprint(p) for p in proof["steps"]], aggregate_step=sid,
            columns=columns, limits=effective.model_dump())
E       KeyError: 'authority_fingerprint'

src/sim2act/csv_dag_instances.py:71: KeyError
_ test_changed_authority_provenance_or_cas_never_appends_result[instance-aba] __

env = (<sim2act.db.Store object at 0x7f1c2671cb00>, Settings(database_url='sqlite:////tmp/sim2act-dag-reuse-20261010/probe/t...495b0eb887438fa5b61f332605ab7e', 'user_e2e8fe30267541d49aea8d960148b88d', 'proj_ab83638dd1654603a167d9abc8d982e1', ...)
attack = 'instance-aba'

    @pytest.mark.parametrize('attack', ['grant','source','instance-aba','binding-delete','binding-input','receipt'])
    def test_changed_authority_provenance_or_cas_never_appends_result(env, attack):
>       _, rid, _, _, rel = release(env)
                            ^^^^^^^^^^^^

tests/test_csv_dag_instances.py:152: 
_ _ _ _ _ _ _ _ _ _ _ _ _ _ _ _ _ _ _ _ _ _ _ _ _ _ _ _ _ _ _ _ _ _ _ _ _ _ _ _ 
tests/test_csv_dag_instances.py:46: in release
    approval = env[2].post(f"/api/csv-dag/runs/{job['id']}/release-approvals",
.venv/lib/python3.12/site-packages/httpx/_client.py:1144: in post
    return self.request(
.venv/lib/python3.12/site-packages/starlette/testclient.py:463: in request
    return super().request(
.venv/lib/python3.12/site-packages/httpx/_client.py:825: in request
    return self.send(request, auth=auth, follow_redirects=follow_redirects)
           ^^^^^^^^^^^^^^^^^^^^^^^^^^^^^^^^^^^^^^^^^^^^^^^^^^^^^^^^^^^^^^^^
.venv/lib/python3.12/site-packages/httpx/_client.py:914: in send
    response = self._send_handling_auth(
.venv/lib/python3.12/site-packages/httpx/_client.py:942: in _send_handling_auth
    response = self._send_handling_redirects(
.venv/lib/python3.12/site-packages/httpx/_client.py:979: in _send_handling_redirects
    response = self._send_single_request(request)
               ^^^^^^^^^^^^^^^^^^^^^^^^^^^^^^^^^^
.venv/lib/python3.12/site-packages/httpx/_client.py:1014: in _send_single_request
    response = transport.handle_request(request)
               ^^^^^^^^^^^^^^^^^^^^^^^^^^^^^^^^^
.venv/lib/python3.12/site-packages/starlette/testclient.py:360: in handle_request
    raise exc
.venv/lib/python3.12/site-packages/starlette/testclient.py:357: in handle_request
    portal.call(self.app, scope, receive, send)
.venv/lib/python3.12/site-packages/anyio/from_thread.py:340: in call
    return cast(T_Retval, self.start_task_soon(func, *args).result())
                          ^^^^^^^^^^^^^^^^^^^^^^^^^^^^^^^^^^^^^^^^^^
/opt/codex/runtimes/codex-primary-runtime/dependencies/python/lib/python3.12/concurrent/futures/_base.py:456: in result
    return self.__get_result()
           ^^^^^^^^^^^^^^^^^^^
/opt/codex/runtimes/codex-primary-runtime/dependencies/python/lib/python3.12/concurrent/futures/_base.py:401: in __get_result
    raise self._exception
.venv/lib/python3.12/site-packages/anyio/from_thread.py:265: in _call_func
    retval = await retval_or_awaitable
             ^^^^^^^^^^^^^^^^^^^^^^^^^
.venv/lib/python3.12/site-packages/fastapi/applications.py:1160: in __call__
    await super().__call__(scope, receive, send)
.venv/lib/python3.12/site-packages/starlette/applications.py:96: in __call__
    await self.middleware_stack(scope, receive, send)
.venv/lib/python3.12/site-packages/starlette/middleware/errors.py:186: in __call__
    raise exc
.venv/lib/python3.12/site-packages/starlette/middleware/errors.py:164: in __call__
    await self.app(scope, receive, _send)
.venv/lib/python3.12/site-packages/starlette/middleware/base.py:197: in __call__
    response = await self.dispatch_func(request, call_next)
               ^^^^^^^^^^^^^^^^^^^^^^^^^^^^^^^^^^^^^^^^^^^^
src/sim2act/api.py:170: in security
    response = await call_next(request)
               ^^^^^^^^^^^^^^^^^^^^^^^^
.venv/lib/python3.12/site-packages/starlette/middleware/base.py:173: in call_next
    raise app_exc from app_exc.__cause__ or app_exc.__context__
.venv/lib/python3.12/site-packages/starlette/middleware/base.py:149: in coro
    await self.app(scope, receive_or_disconnect, send_no_error)
.venv/lib/python3.12/site-packages/starlette/middleware/exceptions.py:63: in __call__
    await wrap_app_handling_exceptions(self.app, conn)(scope, receive, send)
.venv/lib/python3.12/site-packages/starlette/_exception_handler.py:53: in wrapped_app
    raise exc
.venv/lib/python3.12/site-packages/starlette/_exception_handler.py:42: in wrapped_app
    await app(scope, receive, sender)
.venv/lib/python3.12/site-packages/fastapi/middleware/asyncexitstack.py:18: in __call__
    await self.app(scope, receive, send)
.venv/lib/python3.12/site-packages/starlette/routing.py:676: in __call__
    await self.middleware_stack(scope, receive, send)
.venv/lib/python3.12/site-packages/starlette/routing.py:697: in app
    await route.handle(scope, receive, send)
.venv/lib/python3.12/site-packages/starlette/routing.py:282: in handle
    await self.app(scope, receive, send)
.venv/lib/python3.12/site-packages/fastapi/routing.py:130: in app
    await wrap_app_handling_exceptions(app, request)(scope, receive, send)
.venv/lib/python3.12/site-packages/starlette/_exception_handler.py:53: in wrapped_app
    raise exc
.venv/lib/python3.12/site-packages/starlette/_exception_handler.py:42: in wrapped_app
    await app(scope, receive, sender)
.venv/lib/python3.12/site-packages/fastapi/routing.py:116: in app
    response = await f(request)
               ^^^^^^^^^^^^^^^^
.venv/lib/python3.12/site-packages/fastapi/routing.py:670: in app
    raw_response = await run_endpoint_function(
.venv/lib/python3.12/site-packages/fastapi/routing.py:326: in run_endpoint_function
    return await run_in_threadpool(dependant.call, **values)
           ^^^^^^^^^^^^^^^^^^^^^^^^^^^^^^^^^^^^^^^^^^^^^^^^^
.venv/lib/python3.12/site-packages/starlette/concurrency.py:34: in run_in_threadpool
    return await anyio.to_thread.run_sync(func)
           ^^^^^^^^^^^^^^^^^^^^^^^^^^^^^^^^^^^^
.venv/lib/python3.12/site-packages/anyio/to_thread.py:65: in run_sync
    return await get_async_backend().run_sync_in_worker_thread(
.venv/lib/python3.12/site-packages/anyio/_backends/_asyncio.py:2706: in run_sync_in_worker_thread
    return await future
           ^^^^^^^^^^^^
.venv/lib/python3.12/site-packages/anyio/_backends/_asyncio.py:1100: in run
    result = context.run(func, *args)
             ^^^^^^^^^^^^^^^^^^^^^^^^
src/sim2act/internal_api.py:80: in dag_release
    return csv_dag_instances.prepare_release(store, user, rid, body.expected_plan_fingerprint, limits)
           ^^^^^^^^^^^^^^^^^^^^^^^^^^^^^^^^^^^^^^^^^^^^^^^^^^^^^^^^^^^^^^^^^^^^^^^^^^^^^^^^^^^^^^^^^^^
src/sim2act/csv_dag_instances.py:94: in prepare_release
    snap = source_snapshot(store, c, user, rid, limits)
           ^^^^^^^^^^^^^^^^^^^^^^^^^^^^^^^^^^^^^^^^^^^^
_ _ _ _ _ _ _ _ _ _ _ _ _ _ _ _ _ _ _ _ _ _ _ _ _ _ _ _ _ _ _ _ _ _ _ _ _ _ _ _ 

store = <sim2act.db.Store object at 0x7f1c2671cb00>
c = <sqlalchemy.engine.base.Connection object at 0x7f1c2cd36bd0>
user = 'user_2d495b0eb887438fa5b61f332605ab7e'
rid = 'run_c04fc9857fa7462398fa31036b3d4e4c'
limits = Limits(max_requests=4, max_tools=4, max_repairs=1, max_total_tokens=64000, max_output_tokens=1024, run_seconds=300)

    def source_snapshot(store, c, user, rid, limits):
        dag.owner_lock(store, c, user, rid)
        job = dag.row(c, user, rid)
        bound = dag.binding(store, c, job, limits)
        require("internal_instance" not in bound, "A source must be an original completed DAG Run")
        proof = dag.inspect_job_tx(store, c, user, rid, limits)
        plan = bound["plan"]
        sid = closed(plan)
        require(proof["status"] == "SUCCEEDED" and len(proof["steps"]) == 2
            and all(p["status"] == "VERIFIED" for p in proof["steps"])
            and job["context"]["tools"] == 2, "Two actual verified source operations required")
        draft, _, _, _ = load_draft(store, c, user, bound["app_id"], limits, lock=True)
        frozen = {k: copy.deepcopy(draft[k]) for k in ("id", "project_id", "runtime_id", "candidate", "fingerprint")}
        raw = dag.read_source(store, c, job)
        columns = [v["name"] for v in csv_column_options(raw["content"])["columns"] if v["numeric"]]
        cap = store.frozen_contract(c, job).limits
        declared = Limits(**plan["definition"]["manifest"]["runtime_limits"])
        effective = Limits(**{k: min(getattr(cap, k), getattr(declared, k)) for k in Limits.model_fields})
        schema = lifecycle.record_schema(frozen["candidate"])
        validate_value(schema, {"result": proof["result"]["output_by_step"][sid]})
        execution = dict(version=VERSION, run_id=rid, run_version=job["version"], fence=job["fence"],
            accepted_fingerprint=job["fingerprint"], plan_key=bound["plan_key"],
            plan_fingerprint=plan["plan_fingerprint"], source_hash=plan["source_hash"],
>           graph_fingerprint=plan["graph_fingerprint"], authority_fingerprint=plan["authority_fingerprint"],
                                                                               ^^^^^^^^^^^^^^^^^^^^^^^^^^^^^
            receipt_fingerprints=[fingerprint(p) for p in proof["steps"]], aggregate_step=sid,
            columns=columns, limits=effective.model_dump())
E       KeyError: 'authority_fingerprint'

src/sim2act/csv_dag_instances.py:71: KeyError
_ test_changed_authority_provenance_or_cas_never_appends_result[binding-delete] _

env = (<sim2act.db.Store object at 0x7f1c263e1280>, Settings(database_url='sqlite:////tmp/sim2act-dag-reuse-20261010/probe/t...54804f57224bb6a7df1cf52d9bfd7b', 'user_5ce7dda769de4c768433c5f72d7f5f19', 'proj_03bd9586c4eb47ad90706c453a5dd101', ...)
attack = 'binding-delete'

    @pytest.mark.parametrize('attack', ['grant','source','instance-aba','binding-delete','binding-input','receipt'])
    def test_changed_authority_provenance_or_cas_never_appends_result(env, attack):
>       _, rid, _, _, rel = release(env)
                            ^^^^^^^^^^^^

tests/test_csv_dag_instances.py:152: 
_ _ _ _ _ _ _ _ _ _ _ _ _ _ _ _ _ _ _ _ _ _ _ _ _ _ _ _ _ _ _ _ _ _ _ _ _ _ _ _ 
tests/test_csv_dag_instances.py:46: in release
    approval = env[2].post(f"/api/csv-dag/runs/{job['id']}/release-approvals",
.venv/lib/python3.12/site-packages/httpx/_client.py:1144: in post
    return self.request(
.venv/lib/python3.12/site-packages/starlette/testclient.py:463: in request
    return super().request(
.venv/lib/python3.12/site-packages/httpx/_client.py:825: in request
    return self.send(request, auth=auth, follow_redirects=follow_redirects)
           ^^^^^^^^^^^^^^^^^^^^^^^^^^^^^^^^^^^^^^^^^^^^^^^^^^^^^^^^^^^^^^^^
.venv/lib/python3.12/site-packages/httpx/_client.py:914: in send
    response = self._send_handling_auth(
.venv/lib/python3.12/site-packages/httpx/_client.py:942: in _send_handling_auth
    response = self._send_handling_redirects(
.venv/lib/python3.12/site-packages/httpx/_client.py:979: in _send_handling_redirects
    response = self._send_single_request(request)
               ^^^^^^^^^^^^^^^^^^^^^^^^^^^^^^^^^^
.venv/lib/python3.12/site-packages/httpx/_client.py:1014: in _send_single_request
    response = transport.handle_request(request)
               ^^^^^^^^^^^^^^^^^^^^^^^^^^^^^^^^^
.venv/lib/python3.12/site-packages/starlette/testclient.py:360: in handle_request
    raise exc
.venv/lib/python3.12/site-packages/starlette/testclient.py:357: in handle_request
    portal.call(self.app, scope, receive, send)
.venv/lib/python3.12/site-packages/anyio/from_thread.py:340: in call
    return cast(T_Retval, self.start_task_soon(func, *args).result())
                          ^^^^^^^^^^^^^^^^^^^^^^^^^^^^^^^^^^^^^^^^^^
/opt/codex/runtimes/codex-primary-runtime/dependencies/python/lib/python3.12/concurrent/futures/_base.py:456: in result
    return self.__get_result()
           ^^^^^^^^^^^^^^^^^^^
/opt/codex/runtimes/codex-primary-runtime/dependencies/python/lib/python3.12/concurrent/futures/_base.py:401: in __get_result
    raise self._exception
.venv/lib/python3.12/site-packages/anyio/from_thread.py:265: in _call_func
    retval = await retval_or_awaitable
             ^^^^^^^^^^^^^^^^^^^^^^^^^
.venv/lib/python3.12/site-packages/fastapi/applications.py:1160: in __call__
    await super().__call__(scope, receive, send)
.venv/lib/python3.12/site-packages/starlette/applications.py:96: in __call__
    await self.middleware_stack(scope, receive, send)
.venv/lib/python3.12/site-packages/starlette/middleware/errors.py:186: in __call__
    raise exc
.venv/lib/python3.12/site-packages/starlette/middleware/errors.py:164: in __call__
    await self.app(scope, receive, _send)
.venv/lib/python3.12/site-packages/starlette/middleware/base.py:197: in __call__
    response = await self.dispatch_func(request, call_next)
               ^^^^^^^^^^^^^^^^^^^^^^^^^^^^^^^^^^^^^^^^^^^^
src/sim2act/api.py:170: in security
    response = await call_next(request)
               ^^^^^^^^^^^^^^^^^^^^^^^^
.venv/lib/python3.12/site-packages/starlette/middleware/base.py:173: in call_next
    raise app_exc from app_exc.__cause__ or app_exc.__context__
.venv/lib/python3.12/site-packages/starlette/middleware/base.py:149: in coro
    await self.app(scope, receive_or_disconnect, send_no_error)
.venv/lib/python3.12/site-packages/starlette/middleware/exceptions.py:63: in __call__
    await wrap_app_handling_exceptions(self.app, conn)(scope, receive, send)
.venv/lib/python3.12/site-packages/starlette/_exception_handler.py:53: in wrapped_app
    raise exc
.venv/lib/python3.12/site-packages/starlette/_exception_handler.py:42: in wrapped_app
    await app(scope, receive, sender)
.venv/lib/python3.12/site-packages/fastapi/middleware/asyncexitstack.py:18: in __call__
    await self.app(scope, receive, send)
.venv/lib/python3.12/site-packages/starlette/routing.py:676: in __call__
    await self.middleware_stack(scope, receive, send)
.venv/lib/python3.12/site-packages/starlette/routing.py:697: in app
    await route.handle(scope, receive, send)
.venv/lib/python3.12/site-packages/starlette/routing.py:282: in handle
    await self.app(scope, receive, send)
.venv/lib/python3.12/site-packages/fastapi/routing.py:130: in app
    await wrap_app_handling_exceptions(app, request)(scope, receive, send)
.venv/lib/python3.12/site-packages/starlette/_exception_handler.py:53: in wrapped_app
    raise exc
.venv/lib/python3.12/site-packages/starlette/_exception_handler.py:42: in wrapped_app
    await app(scope, receive, sender)
.venv/lib/python3.12/site-packages/fastapi/routing.py:116: in app
    response = await f(request)
               ^^^^^^^^^^^^^^^^
.venv/lib/python3.12/site-packages/fastapi/routing.py:670: in app
    raw_response = await run_endpoint_function(
.venv/lib/python3.12/site-packages/fastapi/routing.py:326: in run_endpoint_function
    return await run_in_threadpool(dependant.call, **values)
           ^^^^^^^^^^^^^^^^^^^^^^^^^^^^^^^^^^^^^^^^^^^^^^^^^
.venv/lib/python3.12/site-packages/starlette/concurrency.py:34: in run_in_threadpool
    return await anyio.to_thread.run_sync(func)
           ^^^^^^^^^^^^^^^^^^^^^^^^^^^^^^^^^^^^
.venv/lib/python3.12/site-packages/anyio/to_thread.py:65: in run_sync
    return await get_async_backend().run_sync_in_worker_thread(
.venv/lib/python3.12/site-packages/anyio/_backends/_asyncio.py:2706: in run_sync_in_worker_thread
    return await future
           ^^^^^^^^^^^^
.venv/lib/python3.12/site-packages/anyio/_backends/_asyncio.py:1100: in run
    result = context.run(func, *args)
             ^^^^^^^^^^^^^^^^^^^^^^^^
src/sim2act/internal_api.py:80: in dag_release
    return csv_dag_instances.prepare_release(store, user, rid, body.expected_plan_fingerprint, limits)
           ^^^^^^^^^^^^^^^^^^^^^^^^^^^^^^^^^^^^^^^^^^^^^^^^^^^^^^^^^^^^^^^^^^^^^^^^^^^^^^^^^^^^^^^^^^^
src/sim2act/csv_dag_instances.py:94: in prepare_release
    snap = source_snapshot(store, c, user, rid, limits)
           ^^^^^^^^^^^^^^^^^^^^^^^^^^^^^^^^^^^^^^^^^^^^
_ _ _ _ _ _ _ _ _ _ _ _ _ _ _ _ _ _ _ _ _ _ _ _ _ _ _ _ _ _ _ _ _ _ _ _ _ _ _ _ 

store = <sim2act.db.Store object at 0x7f1c263e1280>
c = <sqlalchemy.engine.base.Connection object at 0x7f1c2ccbe630>
user = 'user_ba54804f57224bb6a7df1cf52d9bfd7b'
rid = 'run_ee0f5976b0e749fd8f7991670ba02fe4'
limits = Limits(max_requests=4, max_tools=4, max_repairs=1, max_total_tokens=64000, max_output_tokens=1024, run_seconds=300)

    def source_snapshot(store, c, user, rid, limits):
        dag.owner_lock(store, c, user, rid)
        job = dag.row(c, user, rid)
        bound = dag.binding(store, c, job, limits)
        require("internal_instance" not in bound, "A source must be an original completed DAG Run")
        proof = dag.inspect_job_tx(store, c, user, rid, limits)
        plan = bound["plan"]
        sid = closed(plan)
        require(proof["status"] == "SUCCEEDED" and len(proof["steps"]) == 2
            and all(p["status"] == "VERIFIED" for p in proof["steps"])
            and job["context"]["tools"] == 2, "Two actual verified source operations required")
        draft, _, _, _ = load_draft(store, c, user, bound["app_id"], limits, lock=True)
        frozen = {k: copy.deepcopy(draft[k]) for k in ("id", "project_id", "runtime_id", "candidate", "fingerprint")}
        raw = dag.read_source(store, c, job)
        columns = [v["name"] for v in csv_column_options(raw["content"])["columns"] if v["numeric"]]
        cap = store.frozen_contract(c, job).limits
        declared = Limits(**plan["definition"]["manifest"]["runtime_limits"])
        effective = Limits(**{k: min(getattr(cap, k), getattr(declared, k)) for k in Limits.model_fields})
        schema = lifecycle.record_schema(frozen["candidate"])
        validate_value(schema, {"result": proof["result"]["output_by_step"][sid]})
        execution = dict(version=VERSION, run_id=rid, run_version=job["version"], fence=job["fence"],
            accepted_fingerprint=job["fingerprint"], plan_key=bound["plan_key"],
            plan_fingerprint=plan["plan_fingerprint"], source_hash=plan["source_hash"],
>           graph_fingerprint=plan["graph_fingerprint"], authority_fingerprint=plan["authority_fingerprint"],
                                                                               ^^^^^^^^^^^^^^^^^^^^^^^^^^^^^
            receipt_fingerprints=[fingerprint(p) for p in proof["steps"]], aggregate_step=sid,
            columns=columns, limits=effective.model_dump())
E       KeyError: 'authority_fingerprint'

src/sim2act/csv_dag_instances.py:71: KeyError
_ test_changed_authority_provenance_or_cas_never_appends_result[binding-input] _

env = (<sim2act.db.Store object at 0x7f1c2cec0500>, Settings(database_url='sqlite:////tmp/sim2act-dag-reuse-20261010/probe/t...cee9abac3247af8eb04f1a9290c712', 'user_f3bc622c41b547e49b5ab57dc894afe9', 'proj_02c188a6a1044a34afb8c0b3b08094df', ...)
attack = 'binding-input'

    @pytest.mark.parametrize('attack', ['grant','source','instance-aba','binding-delete','binding-input','receipt'])
    def test_changed_authority_provenance_or_cas_never_appends_result(env, attack):
>       _, rid, _, _, rel = release(env)
                            ^^^^^^^^^^^^

tests/test_csv_dag_instances.py:152: 
_ _ _ _ _ _ _ _ _ _ _ _ _ _ _ _ _ _ _ _ _ _ _ _ _ _ _ _ _ _ _ _ _ _ _ _ _ _ _ _ 
tests/test_csv_dag_instances.py:46: in release
    approval = env[2].post(f"/api/csv-dag/runs/{job['id']}/release-approvals",
.venv/lib/python3.12/site-packages/httpx/_client.py:1144: in post
    return self.request(
.venv/lib/python3.12/site-packages/starlette/testclient.py:463: in request
    return super().request(
.venv/lib/python3.12/site-packages/httpx/_client.py:825: in request
    return self.send(request, auth=auth, follow_redirects=follow_redirects)
           ^^^^^^^^^^^^^^^^^^^^^^^^^^^^^^^^^^^^^^^^^^^^^^^^^^^^^^^^^^^^^^^^
.venv/lib/python3.12/site-packages/httpx/_client.py:914: in send
    response = self._send_handling_auth(
.venv/lib/python3.12/site-packages/httpx/_client.py:942: in _send_handling_auth
    response = self._send_handling_redirects(
.venv/lib/python3.12/site-packages/httpx/_client.py:979: in _send_handling_redirects
    response = self._send_single_request(request)
               ^^^^^^^^^^^^^^^^^^^^^^^^^^^^^^^^^^
.venv/lib/python3.12/site-packages/httpx/_client.py:1014: in _send_single_request
    response = transport.handle_request(request)
               ^^^^^^^^^^^^^^^^^^^^^^^^^^^^^^^^^
.venv/lib/python3.12/site-packages/starlette/testclient.py:360: in handle_request
    raise exc
.venv/lib/python3.12/site-packages/starlette/testclient.py:357: in handle_request
    portal.call(self.app, scope, receive, send)
.venv/lib/python3.12/site-packages/anyio/from_thread.py:340: in call
    return cast(T_Retval, self.start_task_soon(func, *args).result())
                          ^^^^^^^^^^^^^^^^^^^^^^^^^^^^^^^^^^^^^^^^^^
/opt/codex/runtimes/codex-primary-runtime/dependencies/python/lib/python3.12/concurrent/futures/_base.py:456: in result
    return self.__get_result()
           ^^^^^^^^^^^^^^^^^^^
/opt/codex/runtimes/codex-primary-runtime/dependencies/python/lib/python3.12/concurrent/futures/_base.py:401: in __get_result
    raise self._exception
.venv/lib/python3.12/site-packages/anyio/from_thread.py:265: in _call_func
    retval = await retval_or_awaitable
             ^^^^^^^^^^^^^^^^^^^^^^^^^
.venv/lib/python3.12/site-packages/fastapi/applications.py:1160: in __call__
    await super().__call__(scope, receive, send)
.venv/lib/python3.12/site-packages/starlette/applications.py:96: in __call__
    await self.middleware_stack(scope, receive, send)
.venv/lib/python3.12/site-packages/starlette/middleware/errors.py:186: in __call__
    raise exc
.venv/lib/python3.12/site-packages/starlette/middleware/errors.py:164: in __call__
    await self.app(scope, receive, _send)
.venv/lib/python3.12/site-packages/starlette/middleware/base.py:197: in __call__
    response = await self.dispatch_func(request, call_next)
               ^^^^^^^^^^^^^^^^^^^^^^^^^^^^^^^^^^^^^^^^^^^^
src/sim2act/api.py:170: in security
    response = await call_next(request)
               ^^^^^^^^^^^^^^^^^^^^^^^^
.venv/lib/python3.12/site-packages/starlette/middleware/base.py:173: in call_next
    raise app_exc from app_exc.__cause__ or app_exc.__context__
.venv/lib/python3.12/site-packages/starlette/middleware/base.py:149: in coro
    await self.app(scope, receive_or_disconnect, send_no_error)
.venv/lib/python3.12/site-packages/starlette/middleware/exceptions.py:63: in __call__
    await wrap_app_handling_exceptions(self.app, conn)(scope, receive, send)
.venv/lib/python3.12/site-packages/starlette/_exception_handler.py:53: in wrapped_app
    raise exc
.venv/lib/python3.12/site-packages/starlette/_exception_handler.py:42: in wrapped_app
    await app(scope, receive, sender)
.venv/lib/python3.12/site-packages/fastapi/middleware/asyncexitstack.py:18: in __call__
    await self.app(scope, receive, send)
.venv/lib/python3.12/site-packages/starlette/routing.py:676: in __call__
    await self.middleware_stack(scope, receive, send)
.venv/lib/python3.12/site-packages/starlette/routing.py:697: in app
    await route.handle(scope, receive, send)
.venv/lib/python3.12/site-packages/starlette/routing.py:282: in handle
    await self.app(scope, receive, send)
.venv/lib/python3.12/site-packages/fastapi/routing.py:130: in app
    await wrap_app_handling_exceptions(app, request)(scope, receive, send)
.venv/lib/python3.12/site-packages/starlette/_exception_handler.py:53: in wrapped_app
    raise exc
.venv/lib/python3.12/site-packages/starlette/_exception_handler.py:42: in wrapped_app
    await app(scope, receive, sender)
.venv/lib/python3.12/site-packages/fastapi/routing.py:116: in app
    response = await f(request)
               ^^^^^^^^^^^^^^^^
.venv/lib/python3.12/site-packages/fastapi/routing.py:670: in app
    raw_response = await run_endpoint_function(
.venv/lib/python3.12/site-packages/fastapi/routing.py:326: in run_endpoint_function
    return await run_in_threadpool(dependant.call, **values)
           ^^^^^^^^^^^^^^^^^^^^^^^^^^^^^^^^^^^^^^^^^^^^^^^^^
.venv/lib/python3.12/site-packages/starlette/concurrency.py:34: in run_in_threadpool
    return await anyio.to_thread.run_sync(func)
           ^^^^^^^^^^^^^^^^^^^^^^^^^^^^^^^^^^^^
.venv/lib/python3.12/site-packages/anyio/to_thread.py:65: in run_sync
    return await get_async_backend().run_sync_in_worker_thread(
.venv/lib/python3.12/site-packages/anyio/_backends/_asyncio.py:2706: in run_sync_in_worker_thread
    return await future
           ^^^^^^^^^^^^
.venv/lib/python3.12/site-packages/anyio/_backends/_asyncio.py:1100: in run
    result = context.run(func, *args)
             ^^^^^^^^^^^^^^^^^^^^^^^^
src/sim2act/internal_api.py:80: in dag_release
    return csv_dag_instances.prepare_release(store, user, rid, body.expected_plan_fingerprint, limits)
           ^^^^^^^^^^^^^^^^^^^^^^^^^^^^^^^^^^^^^^^^^^^^^^^^^^^^^^^^^^^^^^^^^^^^^^^^^^^^^^^^^^^^^^^^^^^
src/sim2act/csv_dag_instances.py:94: in prepare_release
    snap = source_snapshot(store, c, user, rid, limits)
           ^^^^^^^^^^^^^^^^^^^^^^^^^^^^^^^^^^^^^^^^^^^^
_ _ _ _ _ _ _ _ _ _ _ _ _ _ _ _ _ _ _ _ _ _ _ _ _ _ _ _ _ _ _ _ _ _ _ _ _ _ _ _ 

store = <sim2act.db.Store object at 0x7f1c2cec0500>
c = <sqlalchemy.engine.base.Connection object at 0x7f1c2ceae8d0>
user = 'user_37cee9abac3247af8eb04f1a9290c712'
rid = 'run_fbbc939d421c43728942a941b783a50d'
limits = Limits(max_requests=4, max_tools=4, max_repairs=1, max_total_tokens=64000, max_output_tokens=1024, run_seconds=300)

    def source_snapshot(store, c, user, rid, limits):
        dag.owner_lock(store, c, user, rid)
        job = dag.row(c, user, rid)
        bound = dag.binding(store, c, job, limits)
        require("internal_instance" not in bound, "A source must be an original completed DAG Run")
        proof = dag.inspect_job_tx(store, c, user, rid, limits)
        plan = bound["plan"]
        sid = closed(plan)
        require(proof["status"] == "SUCCEEDED" and len(proof["steps"]) == 2
            and all(p["status"] == "VERIFIED" for p in proof["steps"])
            and job["context"]["tools"] == 2, "Two actual verified source operations required")
        draft, _, _, _ = load_draft(store, c, user, bound["app_id"], limits, lock=True)
        frozen = {k: copy.deepcopy(draft[k]) for k in ("id", "project_id", "runtime_id", "candidate", "fingerprint")}
        raw = dag.read_source(store, c, job)
        columns = [v["name"] for v in csv_column_options(raw["content"])["columns"] if v["numeric"]]
        cap = store.frozen_contract(c, job).limits
        declared = Limits(**plan["definition"]["manifest"]["runtime_limits"])
        effective = Limits(**{k: min(getattr(cap, k), getattr(declared, k)) for k in Limits.model_fields})
        schema = lifecycle.record_schema(frozen["candidate"])
        validate_value(schema, {"result": proof["result"]["output_by_step"][sid]})
        execution = dict(version=VERSION, run_id=rid, run_version=job["version"], fence=job["fence"],
            accepted_fingerprint=job["fingerprint"], plan_key=bound["plan_key"],
            plan_fingerprint=plan["plan_fingerprint"], source_hash=plan["source_hash"],
>           graph_fingerprint=plan["graph_fingerprint"], authority_fingerprint=plan["authority_fingerprint"],
                                                                               ^^^^^^^^^^^^^^^^^^^^^^^^^^^^^
            receipt_fingerprints=[fingerprint(p) for p in proof["steps"]], aggregate_step=sid,
            columns=columns, limits=effective.model_dump())
E       KeyError: 'authority_fingerprint'

src/sim2act/csv_dag_instances.py:71: KeyError
____ test_changed_authority_provenance_or_cas_never_appends_result[receipt] ____

env = (<sim2act.db.Store object at 0x7f1c26dbec30>, Settings(database_url='sqlite:////tmp/sim2act-dag-reuse-20261010/probe/t...b847eb06874a4781d342c2ce67d079', 'user_748a6df4d14d4c4090cd8e9fbc0c73a8', 'proj_50f206fba36a4542a4e7eff0eb819ac3', ...)
attack = 'receipt'

    @pytest.mark.parametrize('attack', ['grant','source','instance-aba','binding-delete','binding-input','receipt'])
    def test_changed_authority_provenance_or_cas_never_appends_result(env, attack):
>       _, rid, _, _, rel = release(env)
                            ^^^^^^^^^^^^

tests/test_csv_dag_instances.py:152: 
_ _ _ _ _ _ _ _ _ _ _ _ _ _ _ _ _ _ _ _ _ _ _ _ _ _ _ _ _ _ _ _ _ _ _ _ _ _ _ _ 
tests/test_csv_dag_instances.py:46: in release
    approval = env[2].post(f"/api/csv-dag/runs/{job['id']}/release-approvals",
.venv/lib/python3.12/site-packages/httpx/_client.py:1144: in post
    return self.request(
.venv/lib/python3.12/site-packages/starlette/testclient.py:463: in request
    return super().request(
.venv/lib/python3.12/site-packages/httpx/_client.py:825: in request
    return self.send(request, auth=auth, follow_redirects=follow_redirects)
           ^^^^^^^^^^^^^^^^^^^^^^^^^^^^^^^^^^^^^^^^^^^^^^^^^^^^^^^^^^^^^^^^
.venv/lib/python3.12/site-packages/httpx/_client.py:914: in send
    response = self._send_handling_auth(
.venv/lib/python3.12/site-packages/httpx/_client.py:942: in _send_handling_auth
    response = self._send_handling_redirects(
.venv/lib/python3.12/site-packages/httpx/_client.py:979: in _send_handling_redirects
    response = self._send_single_request(request)
               ^^^^^^^^^^^^^^^^^^^^^^^^^^^^^^^^^^
.venv/lib/python3.12/site-packages/httpx/_client.py:1014: in _send_single_request
    response = transport.handle_request(request)
               ^^^^^^^^^^^^^^^^^^^^^^^^^^^^^^^^^
.venv/lib/python3.12/site-packages/starlette/testclient.py:360: in handle_request
    raise exc
.venv/lib/python3.12/site-packages/starlette/testclient.py:357: in handle_request
    portal.call(self.app, scope, receive, send)
.venv/lib/python3.12/site-packages/anyio/from_thread.py:340: in call
    return cast(T_Retval, self.start_task_soon(func, *args).result())
                          ^^^^^^^^^^^^^^^^^^^^^^^^^^^^^^^^^^^^^^^^^^
/opt/codex/runtimes/codex-primary-runtime/dependencies/python/lib/python3.12/concurrent/futures/_base.py:456: in result
    return self.__get_result()
           ^^^^^^^^^^^^^^^^^^^
/opt/codex/runtimes/codex-primary-runtime/dependencies/python/lib/python3.12/concurrent/futures/_base.py:401: in __get_result
    raise self._exception
.venv/lib/python3.12/site-packages/anyio/from_thread.py:265: in _call_func
    retval = await retval_or_awaitable
             ^^^^^^^^^^^^^^^^^^^^^^^^^
.venv/lib/python3.12/site-packages/fastapi/applications.py:1160: in __call__
    await super().__call__(scope, receive, send)
.venv/lib/python3.12/site-packages/starlette/applications.py:96: in __call__
    await self.middleware_stack(scope, receive, send)
.venv/lib/python3.12/site-packages/starlette/middleware/errors.py:186: in __call__
    raise exc
.venv/lib/python3.12/site-packages/starlette/middleware/errors.py:164: in __call__
    await self.app(scope, receive, _send)
.venv/lib/python3.12/site-packages/starlette/middleware/base.py:197: in __call__
    response = await self.dispatch_func(request, call_next)
               ^^^^^^^^^^^^^^^^^^^^^^^^^^^^^^^^^^^^^^^^^^^^
src/sim2act/api.py:170: in security
    response = await call_next(request)
               ^^^^^^^^^^^^^^^^^^^^^^^^
.venv/lib/python3.12/site-packages/starlette/middleware/base.py:173: in call_next
    raise app_exc from app_exc.__cause__ or app_exc.__context__
.venv/lib/python3.12/site-packages/starlette/middleware/base.py:149: in coro
    await self.app(scope, receive_or_disconnect, send_no_error)
.venv/lib/python3.12/site-packages/starlette/middleware/exceptions.py:63: in __call__
    await wrap_app_handling_exceptions(self.app, conn)(scope, receive, send)
.venv/lib/python3.12/site-packages/starlette/_exception_handler.py:53: in wrapped_app
    raise exc
.venv/lib/python3.12/site-packages/starlette/_exception_handler.py:42: in wrapped_app
    await app(scope, receive, sender)
.venv/lib/python3.12/site-packages/fastapi/middleware/asyncexitstack.py:18: in __call__
    await self.app(scope, receive, send)
.venv/lib/python3.12/site-packages/starlette/routing.py:676: in __call__
    await self.middleware_stack(scope, receive, send)
.venv/lib/python3.12/site-packages/starlette/routing.py:697: in app
    await route.handle(scope, receive, send)
.venv/lib/python3.12/site-packages/starlette/routing.py:282: in handle
    await self.app(scope, receive, send)
.venv/lib/python3.12/site-packages/fastapi/routing.py:130: in app
    await wrap_app_handling_exceptions(app, request)(scope, receive, send)
.venv/lib/python3.12/site-packages/starlette/_exception_handler.py:53: in wrapped_app
    raise exc
.venv/lib/python3.12/site-packages/starlette/_exception_handler.py:42: in wrapped_app
    await app(scope, receive, sender)
.venv/lib/python3.12/site-packages/fastapi/routing.py:116: in app
    response = await f(request)
               ^^^^^^^^^^^^^^^^
.venv/lib/python3.12/site-packages/fastapi/routing.py:670: in app
    raw_response = await run_endpoint_function(
.venv/lib/python3.12/site-packages/fastapi/routing.py:326: in run_endpoint_function
    return await run_in_threadpool(dependant.call, **values)
           ^^^^^^^^^^^^^^^^^^^^^^^^^^^^^^^^^^^^^^^^^^^^^^^^^
.venv/lib/python3.12/site-packages/starlette/concurrency.py:34: in run_in_threadpool
    return await anyio.to_thread.run_sync(func)
           ^^^^^^^^^^^^^^^^^^^^^^^^^^^^^^^^^^^^
.venv/lib/python3.12/site-packages/anyio/to_thread.py:65: in run_sync
    return await get_async_backend().run_sync_in_worker_thread(
.venv/lib/python3.12/site-packages/anyio/_backends/_asyncio.py:2706: in run_sync_in_worker_thread
    return await future
           ^^^^^^^^^^^^
.venv/lib/python3.12/site-packages/anyio/_backends/_asyncio.py:1100: in run
    result = context.run(func, *args)
             ^^^^^^^^^^^^^^^^^^^^^^^^
src/sim2act/internal_api.py:80: in dag_release
    return csv_dag_instances.prepare_release(store, user, rid, body.expected_plan_fingerprint, limits)
           ^^^^^^^^^^^^^^^^^^^^^^^^^^^^^^^^^^^^^^^^^^^^^^^^^^^^^^^^^^^^^^^^^^^^^^^^^^^^^^^^^^^^^^^^^^^
src/sim2act/csv_dag_instances.py:94: in prepare_release
    snap = source_snapshot(store, c, user, rid, limits)
           ^^^^^^^^^^^^^^^^^^^^^^^^^^^^^^^^^^^^^^^^^^^^
_ _ _ _ _ _ _ _ _ _ _ _ _ _ _ _ _ _ _ _ _ _ _ _ _ _ _ _ _ _ _ _ _ _ _ _ _ _ _ _ 

store = <sim2act.db.Store object at 0x7f1c26dbec30>
c = <sqlalchemy.engine.base.Connection object at 0x7f1c2cc37620>
user = 'user_b4b847eb06874a4781d342c2ce67d079'
rid = 'run_01b16d28ae4a45538e0338ff11c69522'
limits = Limits(max_requests=4, max_tools=4, max_repairs=1, max_total_tokens=64000, max_output_tokens=1024, run_seconds=300)

    def source_snapshot(store, c, user, rid, limits):
        dag.owner_lock(store, c, user, rid)
        job = dag.row(c, user, rid)
        bound = dag.binding(store, c, job, limits)
        require("internal_instance" not in bound, "A source must be an original completed DAG Run")
        proof = dag.inspect_job_tx(store, c, user, rid, limits)
        plan = bound["plan"]
        sid = closed(plan)
        require(proof["status"] == "SUCCEEDED" and len(proof["steps"]) == 2
            and all(p["status"] == "VERIFIED" for p in proof["steps"])
            and job["context"]["tools"] == 2, "Two actual verified source operations required")
        draft, _, _, _ = load_draft(store, c, user, bound["app_id"], limits, lock=True)
        frozen = {k: copy.deepcopy(draft[k]) for k in ("id", "project_id", "runtime_id", "candidate", "fingerprint")}
        raw = dag.read_source(store, c, job)
        columns = [v["name"] for v in csv_column_options(raw["content"])["columns"] if v["numeric"]]
        cap = store.frozen_contract(c, job).limits
        declared = Limits(**plan["definition"]["manifest"]["runtime_limits"])
        effective = Limits(**{k: min(getattr(cap, k), getattr(declared, k)) for k in Limits.model_fields})
        schema = lifecycle.record_schema(frozen["candidate"])
        validate_value(schema, {"result": proof["result"]["output_by_step"][sid]})
        execution = dict(version=VERSION, run_id=rid, run_version=job["version"], fence=job["fence"],
            accepted_fingerprint=job["fingerprint"], plan_key=bound["plan_key"],
            plan_fingerprint=plan["plan_fingerprint"], source_hash=plan["source_hash"],
>           graph_fingerprint=plan["graph_fingerprint"], authority_fingerprint=plan["authority_fingerprint"],
                                                                               ^^^^^^^^^^^^^^^^^^^^^^^^^^^^^
            receipt_fingerprints=[fingerprint(p) for p in proof["steps"]], aggregate_step=sid,
            columns=columns, limits=effective.model_dump())
E       KeyError: 'authority_fingerprint'

src/sim2act/csv_dag_instances.py:71: KeyError
________ test_cold_lease_reclaim_and_old_fence_no_duplicate_operations _________

env = (<sim2act.db.Store object at 0x7f1c268ec9e0>, Settings(database_url='sqlite:////tmp/sim2act-dag-reuse-20261010/probe/t...dfd4ba7357446089b90e9d8769ae8d', 'user_6c4bd667c16845a5b8e5a0cb87473cd0', 'proj_40b501f82e01437ab0a29149623ffac2', ...)

    def test_cold_lease_reclaim_and_old_fence_no_duplicate_operations(env):
>       _, _, _, _, rel = release(env)
                          ^^^^^^^^^^^^

tests/test_csv_dag_instances.py:184: 
_ _ _ _ _ _ _ _ _ _ _ _ _ _ _ _ _ _ _ _ _ _ _ _ _ _ _ _ _ _ _ _ _ _ _ _ _ _ _ _ 
tests/test_csv_dag_instances.py:46: in release
    approval = env[2].post(f"/api/csv-dag/runs/{job['id']}/release-approvals",
.venv/lib/python3.12/site-packages/httpx/_client.py:1144: in post
    return self.request(
.venv/lib/python3.12/site-packages/starlette/testclient.py:463: in request
    return super().request(
.venv/lib/python3.12/site-packages/httpx/_client.py:825: in request
    return self.send(request, auth=auth, follow_redirects=follow_redirects)
           ^^^^^^^^^^^^^^^^^^^^^^^^^^^^^^^^^^^^^^^^^^^^^^^^^^^^^^^^^^^^^^^^
.venv/lib/python3.12/site-packages/httpx/_client.py:914: in send
    response = self._send_handling_auth(
.venv/lib/python3.12/site-packages/httpx/_client.py:942: in _send_handling_auth
    response = self._send_handling_redirects(
.venv/lib/python3.12/site-packages/httpx/_client.py:979: in _send_handling_redirects
    response = self._send_single_request(request)
               ^^^^^^^^^^^^^^^^^^^^^^^^^^^^^^^^^^
.venv/lib/python3.12/site-packages/httpx/_client.py:1014: in _send_single_request
    response = transport.handle_request(request)
               ^^^^^^^^^^^^^^^^^^^^^^^^^^^^^^^^^
.venv/lib/python3.12/site-packages/starlette/testclient.py:360: in handle_request
    raise exc
.venv/lib/python3.12/site-packages/starlette/testclient.py:357: in handle_request
    portal.call(self.app, scope, receive, send)
.venv/lib/python3.12/site-packages/anyio/from_thread.py:340: in call
    return cast(T_Retval, self.start_task_soon(func, *args).result())
                          ^^^^^^^^^^^^^^^^^^^^^^^^^^^^^^^^^^^^^^^^^^
/opt/codex/runtimes/codex-primary-runtime/dependencies/python/lib/python3.12/concurrent/futures/_base.py:456: in result
    return self.__get_result()
           ^^^^^^^^^^^^^^^^^^^
/opt/codex/runtimes/codex-primary-runtime/dependencies/python/lib/python3.12/concurrent/futures/_base.py:401: in __get_result
    raise self._exception
.venv/lib/python3.12/site-packages/anyio/from_thread.py:265: in _call_func
    retval = await retval_or_awaitable
             ^^^^^^^^^^^^^^^^^^^^^^^^^
.venv/lib/python3.12/site-packages/fastapi/applications.py:1160: in __call__
    await super().__call__(scope, receive, send)
.venv/lib/python3.12/site-packages/starlette/applications.py:96: in __call__
    await self.middleware_stack(scope, receive, send)
.venv/lib/python3.12/site-packages/starlette/middleware/errors.py:186: in __call__
    raise exc
.venv/lib/python3.12/site-packages/starlette/middleware/errors.py:164: in __call__
    await self.app(scope, receive, _send)
.venv/lib/python3.12/site-packages/starlette/middleware/base.py:197: in __call__
    response = await self.dispatch_func(request, call_next)
               ^^^^^^^^^^^^^^^^^^^^^^^^^^^^^^^^^^^^^^^^^^^^
src/sim2act/api.py:170: in security
    response = await call_next(request)
               ^^^^^^^^^^^^^^^^^^^^^^^^
.venv/lib/python3.12/site-packages/starlette/middleware/base.py:173: in call_next
    raise app_exc from app_exc.__cause__ or app_exc.__context__
.venv/lib/python3.12/site-packages/starlette/middleware/base.py:149: in coro
    await self.app(scope, receive_or_disconnect, send_no_error)
.venv/lib/python3.12/site-packages/starlette/middleware/exceptions.py:63: in __call__
    await wrap_app_handling_exceptions(self.app, conn)(scope, receive, send)
.venv/lib/python3.12/site-packages/starlette/_exception_handler.py:53: in wrapped_app
    raise exc
.venv/lib/python3.12/site-packages/starlette/_exception_handler.py:42: in wrapped_app
    await app(scope, receive, sender)
.venv/lib/python3.12/site-packages/fastapi/middleware/asyncexitstack.py:18: in __call__
    await self.app(scope, receive, send)
.venv/lib/python3.12/site-packages/starlette/routing.py:676: in __call__
    await self.middleware_stack(scope, receive, send)
.venv/lib/python3.12/site-packages/starlette/routing.py:697: in app
    await route.handle(scope, receive, send)
.venv/lib/python3.12/site-packages/starlette/routing.py:282: in handle
    await self.app(scope, receive, send)
.venv/lib/python3.12/site-packages/fastapi/routing.py:130: in app
    await wrap_app_handling_exceptions(app, request)(scope, receive, send)
.venv/lib/python3.12/site-packages/starlette/_exception_handler.py:53: in wrapped_app
    raise exc
.venv/lib/python3.12/site-packages/starlette/_exception_handler.py:42: in wrapped_app
    await app(scope, receive, sender)
.venv/lib/python3.12/site-packages/fastapi/routing.py:116: in app
    response = await f(request)
               ^^^^^^^^^^^^^^^^
.venv/lib/python3.12/site-packages/fastapi/routing.py:670: in app
    raw_response = await run_endpoint_function(
.venv/lib/python3.12/site-packages/fastapi/routing.py:326: in run_endpoint_function
    return await run_in_threadpool(dependant.call, **values)
           ^^^^^^^^^^^^^^^^^^^^^^^^^^^^^^^^^^^^^^^^^^^^^^^^^
.venv/lib/python3.12/site-packages/starlette/concurrency.py:34: in run_in_threadpool
    return await anyio.to_thread.run_sync(func)
           ^^^^^^^^^^^^^^^^^^^^^^^^^^^^^^^^^^^^
.venv/lib/python3.12/site-packages/anyio/to_thread.py:65: in run_sync
    return await get_async_backend().run_sync_in_worker_thread(
.venv/lib/python3.12/site-packages/anyio/_backends/_asyncio.py:2706: in run_sync_in_worker_thread
    return await future
           ^^^^^^^^^^^^
.venv/lib/python3.12/site-packages/anyio/_backends/_asyncio.py:1100: in run
    result = context.run(func, *args)
             ^^^^^^^^^^^^^^^^^^^^^^^^
src/sim2act/internal_api.py:80: in dag_release
    return csv_dag_instances.prepare_release(store, user, rid, body.expected_plan_fingerprint, limits)
           ^^^^^^^^^^^^^^^^^^^^^^^^^^^^^^^^^^^^^^^^^^^^^^^^^^^^^^^^^^^^^^^^^^^^^^^^^^^^^^^^^^^^^^^^^^^
src/sim2act/csv_dag_instances.py:94: in prepare_release
    snap = source_snapshot(store, c, user, rid, limits)
           ^^^^^^^^^^^^^^^^^^^^^^^^^^^^^^^^^^^^^^^^^^^^
_ _ _ _ _ _ _ _ _ _ _ _ _ _ _ _ _ _ _ _ _ _ _ _ _ _ _ _ _ _ _ _ _ _ _ _ _ _ _ _ 

store = <sim2act.db.Store object at 0x7f1c268ec9e0>
c = <sqlalchemy.engine.base.Connection object at 0x7f1c26e7c290>
user = 'user_77dfd4ba7357446089b90e9d8769ae8d'
rid = 'run_117b3fd555064cdc8a29b548908640a3'
limits = Limits(max_requests=4, max_tools=4, max_repairs=1, max_total_tokens=64000, max_output_tokens=1024, run_seconds=300)

    def source_snapshot(store, c, user, rid, limits):
        dag.owner_lock(store, c, user, rid)
        job = dag.row(c, user, rid)
        bound = dag.binding(store, c, job, limits)
        require("internal_instance" not in bound, "A source must be an original completed DAG Run")
        proof = dag.inspect_job_tx(store, c, user, rid, limits)
        plan = bound["plan"]
        sid = closed(plan)
        require(proof["status"] == "SUCCEEDED" and len(proof["steps"]) == 2
            and all(p["status"] == "VERIFIED" for p in proof["steps"])
            and job["context"]["tools"] == 2, "Two actual verified source operations required")
        draft, _, _, _ = load_draft(store, c, user, bound["app_id"], limits, lock=True)
        frozen = {k: copy.deepcopy(draft[k]) for k in ("id", "project_id", "runtime_id", "candidate", "fingerprint")}
        raw = dag.read_source(store, c, job)
        columns = [v["name"] for v in csv_column_options(raw["content"])["columns"] if v["numeric"]]
        cap = store.frozen_contract(c, job).limits
        declared = Limits(**plan["definition"]["manifest"]["runtime_limits"])
        effective = Limits(**{k: min(getattr(cap, k), getattr(declared, k)) for k in Limits.model_fields})
        schema = lifecycle.record_schema(frozen["candidate"])
        validate_value(schema, {"result": proof["result"]["output_by_step"][sid]})
        execution = dict(version=VERSION, run_id=rid, run_version=job["version"], fence=job["fence"],
            accepted_fingerprint=job["fingerprint"], plan_key=bound["plan_key"],
            plan_fingerprint=plan["plan_fingerprint"], source_hash=plan["source_hash"],
>           graph_fingerprint=plan["graph_fingerprint"], authority_fingerprint=plan["authority_fingerprint"],
                                                                               ^^^^^^^^^^^^^^^^^^^^^^^^^^^^^
            receipt_fingerprints=[fingerprint(p) for p in proof["steps"]], aggregate_step=sid,
            columns=columns, limits=effective.model_dump())
E       KeyError: 'authority_fingerprint'

src/sim2act/csv_dag_instances.py:71: KeyError
=============================== warnings summary ===============================
.venv/lib/python3.12/site-packages/fastapi/testclient.py:1
  /workspace/Sim2Act/.venv/lib/python3.12/site-packages/fastapi/testclient.py:1: StarletteDeprecationWarning: Using `httpx` with `starlette.testclient` is deprecated; install `httpx2` instead.
    from starlette.testclient import TestClient as TestClient  # noqa

-- Docs: https://docs.pytest.org/en/stable/how-to/capture-warnings.html
=========================== short test summary info ============================
FAILED tests/test_csv_dag_instances.py::test_actual_two_nodes_two_cold_columns_instances_and_read_only_recovery
FAILED tests/test_csv_dag_instances.py::test_invalid_new_input_and_request_replay_write_nothing[missing]
FAILED tests/test_csv_dag_instances.py::test_invalid_new_input_and_request_replay_write_nothing[text]
FAILED tests/test_csv_dag_instances.py::test_invalid_new_input_and_request_replay_write_nothing[override]
FAILED tests/test_csv_dag_instances.py::test_invalid_new_input_and_request_replay_write_nothing[same-key]
FAILED tests/test_csv_dag_instances.py::test_invalid_new_input_and_request_replay_write_nothing[release]
FAILED tests/test_csv_dag_instances.py::test_invalid_new_input_and_request_replay_write_nothing[revision]
FAILED tests/test_csv_dag_instances.py::test_invalid_new_input_and_request_replay_write_nothing[replay]
FAILED tests/test_csv_dag_instances.py::test_changed_authority_provenance_or_cas_never_appends_result[grant]
FAILED tests/test_csv_dag_instances.py::test_changed_authority_provenance_or_cas_never_appends_result[source]
FAILED tests/test_csv_dag_instances.py::test_changed_authority_provenance_or_cas_never_appends_result[instance-aba]
FAILED tests/test_csv_dag_instances.py::test_changed_authority_provenance_or_cas_never_appends_result[binding-delete]
FAILED tests/test_csv_dag_instances.py::test_changed_authority_provenance_or_cas_never_appends_result[binding-input]
FAILED tests/test_csv_dag_instances.py::test_changed_authority_provenance_or_cas_never_appends_result[receipt]
FAILED tests/test_csv_dag_instances.py::test_cold_lease_reclaim_and_old_fence_no_duplicate_operations
15 failed, 1 passed, 1 warning in 18.56s
